"Location","Sender","Subject","Type","Size","ReceivedTime","DataLink"
"reed2@treyresearch.com","harris4@treyresearch.com","FW: Project Update","Email","68709","11/29/2025 4:41:00 PM; Result Item Id: 01a13e3f-1ab5-4722-847e-30446605c2ec; DocumentId: 0","PreviewResults/Exchange/item_AAAAAB2EAxGqZhHNm8gAqgAvxFoNAEKJgzCDT4JNkvUcNLrPrBMAA3szoAIAAA==/item.eml"
"harris4@treyresearch.com","harris4@treyresearch.com","FW: Project Update","Email","57826","11/29/2025 4:26:00 PM; Result Item Id: eb2ac888-8167-4d16-8287-3c97bc7456a0; DocumentId: 0","PreviewResults/Exchange/item_AAAAAB2EAxGqZhHNm8gAqgAvxFoNAMs6aNQMGzdDoR2EK06t0VIAA3oeFdkAAA==/item.eml"
"harris4@treyresearch.com","harris4@treyresearch.com","FW: Project Update","Email","57821","11/29/2025 4:26:00 PM; Result Item Id: c4c0aca3-6730-42e0-87dd-78f88ff297ac; DocumentId: 0","PreviewResults/Exchange/item_AAAAAB2EAxGqZhHNm8gAqgAvxFoNAMs6aNQMGzdDoR2EK06t0VIAA3oeGhUAAA==/item.eml"
"scott@treyresearch.com","harris4@treyresearch.com","FW: Project Update","Email","58900","11/29/2025 4:41:00 PM; Result Item Id: bf8c0169-1c3b-4a6c-8506-b500303d61f0; DocumentId: 0","PreviewResults/Exchange/item_AAAAAB2EAxGqZhHNm8gAqgAvxFoNANlojEz5agJCg-5rslbVWuAACQidprsAAA==/item.eml"
"deborah@treyresearch.com","harris4@treyresearch.com","FW: Project Update","Email","69775","11/29/2025 4:41:00 PM; Result Item Id: a5846941-f8e6-4b29-8ec0-9999af1f7928; DocumentId: 0","PreviewResults/Exchange/item_AAAAAB2EAxGqZhHNm8gAqgAvxFoNAMZMC+99x9JHuiSiG0RkHSAACRCFFPsAAA==/item.eml"
"robinson3@treyresearch.com","harris4@treyresearch.com","FW: Project Update","Email","68715","11/29/2025 4:41:00 PM; Result Item Id: b7e9c47d-63d4-4457-8117-fb7c8d0a0756; DocumentId: 0","PreviewResults/Exchange/item_AAAAAB2EAxGqZhHNm8gAqgAvxFoNAKQDkC3NOnxFhmhHwv7rwIsAAamIHO4AAA==/item.eml"
"howard3@treyresearch.com","harris4@treyresearch.com","FW: Project Update","Email","69221","11/29/2025 4:41:00 PM; Result Item Id: 7754bd1b-8e9e-4d29-8f44-46e611e5ea4f; DocumentId: 0","PreviewResults/Exchange/item_AAAAAB2EAxGqZhHNm8gAqgAvxFoNADF6CoovIgpOm7TV66oX7QQAAERJngAAAA==/item.eml"
"harris4@treyresearch.com","harris4@treyresearch.com","FW: Project Update","Email","57983","11/29/2025 4:26:00 PM; Result Item Id: c77092e8-7a4e-4a13-865d-d7ba5d31cee0; DocumentId: 0","PreviewResults/Exchange/item_AAAAAB2EAxGqZhHNm8gAqgAvxFoNAMs6aNQMGzdDoR2EK06t0VIAA3oeGgEAAA==/item.eml"
"harris4@treyresearch.com","Matthew3 Ward","FW: Project Update","Email","90825","11/29/2025 4:23:00 PM; Result Item Id: 9a15e9e3-ac56-4972-81b2-217fac043c5f; DocumentId: 0","PreviewResults/Exchange/item_AAAAAB2EAxGqZhHNm8gAqgAvxFoNAMs6aNQMGzdDoR2EK06t0VIAA3oeFcUAAA==/item.eml"
"harris4@treyresearch.com","Matthew3 Ward","FW: Project Update","Email","52946","11/29/2025 4:40:00 PM; Result Item Id: beee919d-fd45-4bbf-8c16-f5e06435f7c8; DocumentId: 0","PreviewResults/Exchange/item_AAAAAB2EAxGqZhHNm8gAqgAvxFoNAMs6aNQMGzdDoR2EK06t0VIAA3oeRzcAAA==/item.eml"
"robinson4@treyresearch.com","harris4@treyresearch.com","FW: Project Update","Email","70819","11/29/2025 4:41:00 PM; Result Item Id: 6605fed5-d0db-4508-8541-fb25a4b499d6; DocumentId: 0","PreviewResults/Exchange/item_AAAAAB2EAxGqZhHNm8gAqgAvxFoNAPiUM4R0c+FGljHusxjREEkACBHlEV8AAA==/item.eml"
"andrew6@treyresearch.com","harris4@treyresearch.com","FW: Project Update","Email","69106","11/29/2025 4:41:00 PM; Result Item Id: 45a3ccac-fdd4-47b6-84aa-002fe334297c; DocumentId: 0","PreviewResults/Exchange/item_AAAAAB2EAxGqZhHNm8gAqgAvxFoNAOTuf05bnTtEk5Vca7z4ErwAAy1ojFwAAA==/item.eml"
"chavez6@treyresearch.com","harris4@treyresearch.com","FW: Project Update","Email","68770","11/29/2025 4:41:00 PM; Result Item Id: e8687ea1-48de-4598-8481-b306e4d3bd6f; DocumentId: 0","PreviewResults/Exchange/item_AAAAAB2EAxGqZhHNm8gAqgAvxFoNAKsGLZiKD+VJlOvH5NYSa+sABMnz3GgAAA==/item.eml"
"edwards2@treyresearch.com","harris4@treyresearch.com","FW: Project Update","Email","68657","11/29/2025 4:41:00 PM; Result Item Id: 010f7b04-ff38-45bd-8b52-ae917c2e88a8; DocumentId: 0","PreviewResults/Exchange/item_AAAAAB2EAxGqZhHNm8gAqgAvxFoNADmuw3IpXTpKtZzBzrIUAOEAAuwQP4UAAA==/item.eml"
"harris4@treyresearch.com","harris4@treyresearch.com","FW: Project Update","Email","58819","11/29/2025 4:26:00 PM; Result Item Id: 57f61818-6e73-409f-859a-e489b5d3dfa4; DocumentId: 0","PreviewResults/Exchange/item_AAAAAB2EAxGqZhHNm8gAqgAvxFoNAMs6aNQMGzdDoR2EK06t0VIAA3oeGiAAAA==/item.eml"
"christine3@treyresearch.com","harris4@treyresearch.com","FW: Project Update","Email","70224","11/29/2025 4:41:00 PM; Result Item Id: d64e8da3-5451-486f-8945-72873c951441; DocumentId: 0","PreviewResults/Exchange/item_AAAAAB2EAxGqZhHNm8gAqgAvxFoNAKe++P9qfnFJkUN9kCqHHEAABldj1c4AAA==/item.eml"
"edwards@treyresearch.com","harris4@treyresearch.com","FW: Project Update","Email","69956","11/29/2025 4:41:00 PM; Result Item Id: c01ae899-1997-4332-8e74-0b26c2a4e032; DocumentId: 0","PreviewResults/Exchange/item_AAAAAB2EAxGqZhHNm8gAqgAvxFoNANFLGHqmCFpJnj0UsSwg34oAByGTN70AAA==/item.eml"
"murphy2@treyresearch.com","harris4@treyresearch.com","FW: Project Update","Email","70408","11/29/2025 4:41:00 PM; Result Item Id: 402e67ba-27ec-4c07-87f0-752d2e94d528; DocumentId: 0","PreviewResults/Exchange/item_AAAAAB2EAxGqZhHNm8gAqgAvxFoNAEHboOypJl5IgrnLv1uBLKMABU8DX4AAAA==/item.eml"
"jenkins3@treyresearch.com","harris4@treyresearch.com","FW: Project Update","Email","70324","11/29/2025 4:41:00 PM; Result Item Id: 0143e74f-9201-457b-8a23-f128cc024d65; DocumentId: 0","PreviewResults/Exchange/item_AAAAAB2EAxGqZhHNm8gAqgAvxFoNAGhspLp6569Jsz1pHCVjtaYABw4mZk4AAA==/item.eml"
"harris4@treyresearch.com","harris4@treyresearch.com","FW: Project Update","Email","57837","11/29/2025 4:41:00 PM; Result Item Id: aeeec017-3632-4780-8868-efa0109e1002; DocumentId: 0","PreviewResults/Exchange/item_AAAAAB2EAxGqZhHNm8gAqgAvxFoNAMs6aNQMGzdDoR2EK06t0VIAA3oeRz0AAA==/item.eml"
"harris4@treyresearch.com","harris4@treyresearch.com","FW: Project Update","Email","58254","11/29/2025 4:26:00 PM; Result Item Id: 23e8a2bf-6f93-4087-8d52-e9acbf2d4094; DocumentId: 0","PreviewResults/Exchange/item_AAAAAB2EAxGqZhHNm8gAqgAvxFoNAMs6aNQMGzdDoR2EK06t0VIAA3oeFc8AAA==/item.eml"
"brian2@treyresearch.com","harris4@treyresearch.com","FW: Project Update","Email","69386","11/29/2025 4:41:00 PM; Result Item Id: 599e3a1a-33ec-477b-8f7a-5f8f432ae389; DocumentId: 0","PreviewResults/Exchange/item_AAAAAB2EAxGqZhHNm8gAqgAvxFoNAAp0k0TTx4VAgfgvZe1ns-YAAy49y7kAAA==/item.eml"
"harris4@treyresearch.com","Matthew3 Ward","FW: Project Update","Email","89384","11/29/2025 4:25:00 PM; Result Item Id: e17db585-4655-421c-8299-60e53e032efd; DocumentId: 0","PreviewResults/Exchange/item_AAAAAB2EAxGqZhHNm8gAqgAvxFoNAMs6aNQMGzdDoR2EK06t0VIAA3oeGgsAAA==/item.eml"
"harris4@treyresearch.com","Matthew3 Ward","FW: Project Update","Email","89962","11/29/2025 4:24:00 PM; Result Item Id: d1cebeb8-f5a4-4493-8702-b6d98f963ec5; DocumentId: 0","PreviewResults/Exchange/item_AAAAAB2EAxGqZhHNm8gAqgAvxFoNAMs6aNQMGzdDoR2EK06t0VIAA3oeFbwAAA==/item.eml"
"harris4@treyresearch.com","harris4@treyresearch.com","Re: [Caution - External Email] FW: Project Update","Email","56918","11/29/2025 6:15:00 PM; Result Item Id: 0a8d7716-4934-4be5-8f02-d8d42ddcac21; DocumentId: 0","PreviewResults/Exchange/item_AAAAAB2EAxGqZhHNm8gAqgAvxFoNAMs6aNQMGzdDoR2EK06t0VIAA3oeS00AAA==/item.eml"
"harris4@treyresearch.com","Matthew3 Ward","FW: Project Update","Email","61515","11/29/2025 4:24:00 PM; Result Item Id: c04112ce-2f7e-4aac-8281-2f03c34a258b; DocumentId: 0","PreviewResults/Exchange/item_AAAAAB2EAxGqZhHNm8gAqgAvxFoNAMs6aNQMGzdDoR2EK06t0VIAA3oeFdsAAA==/item.eml"
"howard4@treyresearch.com","harris4@treyresearch.com","FW: Project Update","Email","70509","11/29/2025 4:41:00 PM; Result Item Id: 84ebd964-1add-47e2-81cb-c16683a43938; DocumentId: 0","PreviewResults/Exchange/item_AAAAAB2EAxGqZhHNm8gAqgAvxFoNAASr1maria59ddOkg6xHfqBwBkACWSW7+wAAA==/item.eml"
"larry6@treyresearch.com","harris4@treyresearch.com","FW: Project Update","Email","70646","11/29/2025 4:41:00 PM; Result Item Id: 12a655b8-66cf-4316-86d1-630e66e07072; DocumentId: 0","PreviewResults/Exchange/item_AAAAAB2EAxGqZhHNm8gAqgAvxFoNALGpkNpDyPRAkhfbV8rEjXUABmaNDF0AAA==/item.eml"
"harris4@treyresearch.com","Matthew3 Ward","FW: Project Update","Email","89911","11/29/2025 4:24:00 PM; Result Item Id: 5c464990-2912-4987-8c1b-ccb5193364cf; DocumentId: 0","PreviewResults/Exchange/item_AAAAAB2EAxGqZhHNm8gAqgAvxFoNAMs6aNQMGzdDoR2EK06t0VIAA3oeGe8AAA==/item.eml
