DisplayName,CreatedDateTime,AccountEnabled,AppRoleAssignmentRequired,TagList,ReplyUrls,ServicePrincipalType,Id
Microsoft Graph Command Line Tools,2025-11-30T16:09:17Z,TRUE,FALSE,WindowsAzureActiveDirectoryIntegratedApp,"ms-appx-wood4://microsoft.aad.brokerplugin/da433143-109e-4992-863f-24df70515103,http://localhost,https://login.microsoftonline.com/common/oauth2/nativeclient",Application,6fbd3bd3-f8cf-4b91-84f1-ff0c15cf1349
OneNote,2025-11-30T15:04:54Z,TRUE,FALSE,"disableAcceptingTenantedPassthroughTokens,disableRequestingTenantedPassthroughTokens","https://edog.onenote.com/preview,https://www.onenote.com/preview,https://app.onenote.com/auth/signin,https://todosupport.microsoft.com/auth/signin,https://www.onenote.com/sharon/auth/signin,https://edusupport.microsoft.com/auth/signin,https://www.onenote.com/common1pauth/exchangecode,https://www.onenote.com/auth/signin,https://onenote.osi.office365.us/common1pauth/exchangecode,https://onenote.osi.office365.us/auth/signin,https://onenote.peterson.osi.office365.us/common1pauth/exchangecode,https://onenote.peterson.osi.office365.us/auth/signin,https://onenote.osi.apps.mil/common1pauth/exchangecode,https://onenote.osi.apps.mil/auth/signin,https://edog.onenote.com/,https://www.onenote.com/,https://www.onenote.com/meetingnotes,https://www.onenote.com/meetingnotes/defaulttab,https://www.onenote.com/teamnotes,https://www.onenote.com/notes,brk-multihub://www.onenote.com,https://edog.onenote.com/sharon/auth/signin,https://edog.onenote.com/common1pauth/exchangecode,https://edog.onenote.com/auth/signin,https://fa000000138.resources.office.net/e747c444-30be-4f7b-8e40-bb2e63e25b46/1.0.2504.7028/en-us_wood4/meetingdetails.html",Application,a4e8c0d6-6548-456a-8789-a800efb317eb
eM Client,2025-11-30T14:42:04Z,TRUE,FALSE,WindowsAzureActiveDirectoryIntegratedApp,"com.hancom.MailClient://oauth,com.icewarp.DesktopClient://oauth,com.open-xchange.MailClient://oauth,com.emclient.MailClient.mitchell4://oauth,com.emclient.MailClient://oauth,urn:ietf:wg:oauth:2.0:oob,msalf77e52c1-79b1-44b7-8d57-187e50fd659a://auth,https://login.microsoftonline.com/common/oauth2/nativeclient,http://localhost,https://emclient.com/EwsEditor,https://emclient.com/oauth2,com.trulymail.DesktopClient://oauth",Application,7386e50f-86f0-4853-80bb-e6e7ffc4098c
Entra App Platform System Application,2025-11-26T03:19:49Z,TRUE,FALSE,"disableLegacyUserImpersonationClient,disableLegacyUserImpersonationResource,GitCreatedApp",,Application,7e9e26f6-950e-467a-8d16-b4cbe03f089e
M365 App Management Service,2025-11-02T16:36:26Z,TRUE,FALSE,,,Application,5a14375a-7313-4393-8ed4-d333eda0fbb5
IDS-PROD,2025-10-14T07:55:48Z,TRUE,FALSE,,,Application,73d094a6-0856-4502-845f-cfbe1dba01b0
Microsoft 365 Admin portal,2025-06-02T12:57:45Z,TRUE,FALSE,,"https://ignite.admin.cloud.microsoft/landing,https://canary.admin.cloud.microsoft/landing,https://sdf.admin.cloud.microsoft/landing,https://admin.cloud.microsoft/landing,https://ignite.admin.cloud.microsoft/prelanding,https://sdf.admin.cloud.microsoft/prelanding,https://canary.admin.cloud.microsoft/prelanding,https://admin.cloud.microsoft/prelanding,https://scu.admin.cloud.microsoft/landing,https://brz.admin.cloud.microsoft/landing,https://wus.admin.cloud.microsoft/landing,https://sea.admin.cloud.microsoft/landing,https://cus.admin.cloud.microsoft/landing,https://frc.admin.cloud.microsoft/landing,https://weu.admin.cloud.microsoft/landing,https://eus.admin.cloud.microsoft/landing,https://ignite.admin.cloud.microsoft/msal_redirect.html,https://canary.admin.cloud.microsoft/msal_redirect.html,https://sdf.admin.cloud.microsoft/msal_redirect.html,https://admin.cloud.microsoft/msal_redirect.html,https://scu.admin.cloud.microsoft/msal_redirect.html,https://brz.admin.cloud.microsoft/msal_redirect.html,https://wus.admin.cloud.microsoft/msal_redirect.html,https://sea.admin.cloud.microsoft/msal_redirect.html,https://cus.admin.cloud.microsoft/msal_redirect.html,https://frc.admin.cloud.microsoft/msal_redirect.html,https://weu.admin.cloud.microsoft/msal_redirect.html,https://eus.admin.cloud.microsoft/msal_redirect.html,https://admin.cloud.microsoft,https://ignite.admin.cloud.microsoft,https://sdf.admin.cloud.microsoft,https://canary.admin.cloud.microsoft,https://ignite.admin.cloud.microsoft/msal_redirect_aobo.html,https://canary.admin.cloud.microsoft/msal_redirect_aobo.html,https://sdf.admin.cloud.microsoft/msal_redirect_aobo.html,https://admin.cloud.microsoft/msal_redirect_aobo.html,https://scu.admin.cloud.microsoft/msal_redirect_aobo.html,https://brz.admin.cloud.microsoft/msal_redirect_aobo.html,https://wus.admin.cloud.microsoft/msal_redirect_aobo.html,https://sea.admin.cloud.microsoft/msal_redirect_aobo.html,https://cus.admin.cloud.microsoft/msal_redirect_aobo.html,https://frc.admin.cloud.microsoft/msal_redirect_aobo.html,https://weu.admin.cloud.microsoft/msal_redirect_aobo.html,https://eus.admin.cloud.microsoft/msal_redirect_aobo.html,https://eau.admin.cloud.microsoft/landing,https://ind.admin.cloud.microsoft/landing,https://wjp.admin.cloud.microsoft/landing,https://wuk.admin.cloud.microsoft/landing,https://eau.admin.cloud.microsoft/msal_redirect_aobo.html,https://ind.admin.cloud.microsoft/msal_redirect_aobo.html,https://wjp.admin.cloud.microsoft/msal_redirect_aobo.html,https://wuk.admin.cloud.microsoft/msal_redirect_aobo.html,https://eau.admin.cloud.microsoft/msal_redirect.html,https://ind.admin.cloud.microsoft/msal_redirect.html,https://wjp.admin.cloud.microsoft/msal_redirect.html,https://wuk.admin.cloud.microsoft/msal_redirect.html,https://canary-afd.admin.cloud.microsoft/landing,https://sdf-afd.admin.cloud.microsoft/landing,https://ignite-afd.admin.cloud.microsoft/landing,https://uascanaryprv.admin.cloud.microsoft/landing,https://uassdfprv.admin.cloud.microsoft/landing,https://uasigniteprv.admin.cloud.microsoft/landing,https://canary-afd.admin.cloud.microsoft/msal_redirect_aobo.html,https://canary-afd.admin.cloud.microsoft/msal_redirect.html,https://sdf-afd.admin.cloud.microsoft/msal_redirect.html,https://sdf-afd.admin.cloud.microsoft/msal_redirect_aobo.html,https://ignite-afd.admin.cloud.microsoft/msal_redirect_aobo.html,https://ignite-afd.admin.cloud.microsoft/msal_redirect.html,https://uascanaryprv.admin.cloud.microsoft/msal_redirect.html,https://uassdfprv.admin.cloud.microsoft/msal_redirect.html,https://uasigniteprv.admin.cloud.microsoft/msal_redirect.html,https://uascanaryprv.admin.cloud.microsoft/msal_redirect_aobo.html,https://uassdfprv.admin.cloud.microsoft/msal_redirect_aobo.html,https://uasigniteprv.admin.cloud.microsoft/msal_redirect_aobo.html",Application,c9b61560-cde6-4261-bf44-5f44ef679cde
Skype for Business,2022-06-02T10:16:48Z,TRUE,FALSE,,"https://flighting-sharon.scheduler.teams.microsoft.com/,https://flighting-sharon.scheduler.teams.microsoft.com,https://sharon.sched-dev.frank2.net,https://sharon.sched-dev.frank2.net/,https://broadcast.frank2.com/,https://meetings.frank2.com/,https://meetings.frank2.com/d/,https://meet.frank2.com/,https://meet.frank2.com/d/,https://scheduler.mlc.dod.teams.microsoft.us/,https://scheduler.mlc.gov.teams.microsoft.us/,https://sched-dev.tip.frank2.net,https://sched-dev1.tip.frank2.net,https://sched-dev2.tip.frank2.net,https://sched-dev3.tip.frank2.net,https://sched-test.tip.frank2.net,https://sched-int.tip.frank2.net,https://sched-emo-dev1.tip.frank2.net,https://sched-fr-dev1.tip.frank2.net,https://sched.tip.frank2.net,https://join-dev1.tip.frank2.net,https://join-dev2.tip.frank2.net,https://join-dev3.tip.frank2.net,https://join-tst.tip.frank2.net,https://join-int.tip.frank2.net,https://join-fr-dev1.tip.frank2.net,https://scx-dev.tip.frank2.net,https://scx-dev2.tip.frank2.net,https://scx-dev3.tip.frank2.net,https://scx-dev4.tip.frank2.net,https://scx-test.tip.frank2.net,https://scx-int.tip.frank2.net,https://attend-int.tip.frank2.net,https://sched.services.frank2.net,https://sched-noam.services.frank2.net,https://sched-emea.services.frank2.net,https://beta.broadcast.frank2.com,https://beta-backup.broadcast.frank2.com,https://beta-noam.broadcast.frank2.com,https://beta-noam-backup.broadcast.frank2.com,https://beta-emea.broadcast.frank2.com,https://beta-emea-backup.broadcast.frank2.com,https://meet.frank2.net,https://meet-backup.frank2.net,https://join-beta.broadcast.frank2.com,https://join-beta-noam.broadcast.frank2.com,https://join-beta-noam-backup.broadcast.frank2.com,https://join-beta-emea.broadcast.frank2.com,https://join-beta-emea-backup.broadcast.frank2.com,https://attend-beta.broadcast.frank2.com,https://broadcast.frank2.com,https://portal.broadcast.frank2.com,https://portal-backup.broadcast.frank2.com,https://sched-noam.broadcast.frank2.com,https://sched-emea.broadcast.frank2.com,https://sched-apac.broadcast.frank2.com,https://sched-can.broadcast.frank2.com,https://portal-noam.broadcast.frank2.com,https://portal-noam-backup.broadcast.frank2.com,https://portal-emea.broadcast.frank2.com,https://portal-emea-backup.broadcast.frank2.com,https://portal-apac.broadcast.frank2.com,https://portal-apac-backup.broadcast.frank2.com,https://portal-can.broadcast.frank2.com,https://portal-can-backup.broadcast.frank2.com,https://sched-eus.broadcast.frank2.com,https://sched-wus.broadcast.frank2.com,https://sched-neu.broadcast.frank2.com,https://sched-weu.broadcast.frank2.com,https://sched-eas.broadcast.frank2.com,https://sched-sea.broadcast.frank2.com,https://meet.frank2.com,https://meet-backup.frank2.com,https://join.broadcast.frank2.com,https://join-noam.broadcast.frank2.com,https://join-emea.broadcast.frank2.com,https://join-apac.broadcast.frank2.com,https://join-can.broadcast.frank2.com,https://join-noam-backup.broadcast.frank2.com,https://join-emea-backup.broadcast.frank2.com,https://join-apac-backup.broadcast.frank2.com,https://join-can-backup.broadcast.frank2.com,https://attend-noam.broadcast.frank2.com,https://attend-emea.broadcast.frank2.com,https://attend-apac.broadcast.frank2.com,https://attend-can.broadcast.frank2.com",Application,69113ede-208f-4fc1-8e92-9de4118d8965
Microsoft Flow CDS Integration Service,2021-12-09T17:22:38Z,FALSE,FALSE,,"https://flow.microsoft.com,https://tip1.flow.microsoft.com,https://tip2.flow.microsoft.com",Application,eddb5d31-c691-419e-8371-93291784d262
Microsoft Flow CDS Integration Service TIP1,2021-12-09T17:22:38Z,FALSE,FALSE,,"https://flow.microsoft.com,https://tip1.flow.microsoft.com,https://tip2.flow.microsoft.com",Application,97007ee6-1e94-4535-82d2-ba28751eb66b
Microsoft Flow Service,2021-12-09T17:22:38Z,TRUE,FALSE,,"https://flow.microsoft.com,https://tip1.flow.microsoft.com,https://tip2.flow.microsoft.com",Application,52d9e184-0821-457e-8823-e60be3df1d60
Microsoft Stream Portal,2021-12-09T17:22:38Z,FALSE,FALSE,,"https://ppe.microsoftstream.com/authredirectmsal/,https://msit.microsoftstream.com/authredirectmsal/,https://wood4.microsoftstream.com/authredirectmsal/,https://www.microsoftstream.com/authredirectmsal/,https://wood4.gov.microsoftstream.us/,https://wood4.dod.microsoftstream.us/,https://www.microsoftstream.com,https://wood4.microsoftstream.com/,https://msit.microsoftstream.com/,https://ppe.microsoftstream.com/",Application,cdfee9ed-454a-41c9-8f13-98f29b04de10
Microsoft Teams IP Policy Service,2021-12-09T17:22:37Z,TRUE,FALSE,,,Application,c691a199-82c6-4a1c-83b0-953c348434b6
Microsoft Office Licensing Service,2018-01-13T19:09:13Z,TRUE,FALSE,,,Application,6482295a-2fba-497c-8922-be08adb6fc66
Microsoft SharePoint Online - SharePoint Home,2018-01-13T19:09:13Z,TRUE,FALSE,,,Application,7be8ddb3-84e2-4184-8216-fcd2c97ba00a
Office Shredding Service,2018-01-13T19:09:13Z,TRUE,FALSE,,"urn:ietf:wg:oauth:2.0:oob,https://shredder-peterson.osi.office.net,https://shredder.osi.office.net",Application,8d06b698-8528-4c3f-817e-54c138a341b3
Power BI Premium,2018-01-13T19:09:13Z,TRUE,FALSE,,https://redirect.pbidedicated.windows.net,Application,2cecb000-8ca6-4e1a-8a46-52f90cb4d988
Skype for Business Online,2018-01-13T19:09:13Z,FALSE,FALSE,,"https://bootstrap.pinauth.services.skypeforbusiness.com/cap/provision,https://portal.pinauth.services.skypeforbusiness.com/cap/provision,https://bootstrap.pinauth.services.skypeforbusiness.com/,https://portal.pinauth.services.skypeforbusiness.com/",Application,c25da412-7acd-4587-8cea-afed4c67f0b2
Power BI Service,2018-01-13T19:09:12Z,TRUE,FALSE,,,Application,933acf51-bd1f-453e-8bc7-8a8023bcaeb5
Microsoft Intune Enrollment,2018-01-13T19:09:12Z,TRUE,FALSE,,"https://hall.manage-mig.microsoft.com/,https://hall.manage-mig.microsoft.com,https://enterpriseenrollment-s.manage-mig.microsoft.com/,https://enterpriseenrollment-s.manage-mig.microsoft.com,https://hall.manage.microsoft.us/,https://hall.manage.microsoft.us,https://hall.manage-ppe.microsoft.us/,https://hall.manage-ppe.microsoft.us,https://hall.manage-test.microsoft.us/,https://hall.manage-test.microsoft.us,https://enterpriseenrollment-s.manage.microsoft.us/,https://enterpriseenrollment-s.manage.microsoft.us,https://enterpriseenrollment-s.manage-ppe.microsoft.us/,https://enterpriseenrollment-s.manage-ppe.microsoft.us,https://enterpriseenrollment-s.manage-test.microsoft.us/,https://enterpriseenrollment-s.manage-test.microsoft.us,https://hall.manage-selfhost.microsoft.com/,https://hall.manage-selfhost.microsoft.com,https://hall.manage-beta.microsoft.com/,https://hall.manage-beta.microsoft.com,https://hall.manage.microsoft.com/,https://hall.manage.microsoft.com,https://enterpriseenrollment-s.manage-selfhost.microsoft.com/,https://enterpriseenrollment-s.manage-selfhost.microsoft.com,https://enterpriseenrollment-s.manage-beta.microsoft.com/,https://enterpriseenrollment-s.manage-beta.microsoft.com,https://enterpriseenrollment-s.manage.microsoft.com/,https://enterpriseenrollment-s.manage.microsoft.com",Application,8abd29da-8c22-4175-8af3-1e80d1d972ea
Microsoft Intune Service Discovery,2018-01-13T19:09:12Z,TRUE,FALSE,,,Application,9122d98f-ca1b-4ae5-8a8b-b74697728aac
Microsoft Seller Dashboard,2018-01-13T19:09:12Z,TRUE,FALSE,,https://sellerdashboard.microsoft.com/Keys/KeyAADPublish/CreateKeyInAADCallback,Application,82eb8079-a528-4507-8ef1-0164298acdda
Azure Analysis Services,2018-01-13T19:09:12Z,TRUE,FALSE,,https://redirect.asazure.windows.net,Application,a3ced531-c159-4d67-828f-2f6696b2ee45
SharePoint Notification Service,2018-01-13T19:09:12Z,TRUE,FALSE,,,Application,a421cf22-57bc-4ef6-8e9d-4a8b9a9cefdf
Microsoft Azure Workflow,2018-01-13T19:09:12Z,TRUE,FALSE,,,Application,64a16929-e1b4-4987-8e7d-ad8c08d6fabe
Office 365 SharePoint Online,2018-01-13T19:09:12Z,TRUE,FALSE,"disableAcceptingTenantedPassthroughTokens,disableRequestingTenantedPassthroughTokens","https://onedrive.cloud.microsoft/_forms/default.aspx,https://proseware-*.sharepoint.com/_forms/default.aspx,https://proseware.sharepoint.com/_forms/default.aspx",Application,e1ebca8f-c495-4df0-802a-ba3d93885a0a
Connectors,2018-01-13T19:09:11Z,TRUE,FALSE,,"https://outlook-sdf.office.com/mail/spaExtSSO.html,https://outlook.office365.com/mail/spaExtSSO.html,https://outlook.office.com/mail/spaExtSSO.html,https://outlook.cloud.microsoft/mail/spaExtSSO.html,https://sdf.outlook.cloud.microsoft/mail/spaExtSSO.html,ms-appx-wood4://Microsoft.AAD.BrokerPlugin/08c3fe57-5420-45a2-840b-fa9c2e3f4dc4,https://login.microsoftonline.com/common/oauth2/nativeclient,https://outlook.office.com/kathleen/signin-baker2,https://outlook.office.com/kathleen/signin-yammer-baker2,https://outlook.office.com/kathleen/signin-dynamics-baker2,https://outlook.office365.com/kathleen/signin-baker2,https://outlook.office.com/kathleen/signin-forms-baker2,https://outlook.office.com/kathleen/signin-opaypartnerportal-baker2,https://outlook.office.com/kathleen/signin-opaypartnerportal-aad,https://outlook.office.com/kathleen/signin-forms-aad,https://outlook.office365.com/kathleen/signin-aad,https://outlookconnmgmt042015.azurewebsites.net/signin-aad,https://outlook.office.com/kathleen/signin-aad,https://outlook.office.com/kathleen/signin-dynamics-aad,https://outlook.office.com/kathleen/signin-yammer-aad",Application,f3173395-17cc-4117-8100-c11d702f1db7
Microsoft Service Trust,2018-01-13T19:09:11Z,TRUE,FALSE,,"https://int.complianceposturemanagement.office.com,https://ppe.complianceposturemanagement.office.com,https://apc.complianceposturemanagement.office.com,https://eur.complianceposturemanagement.office.com,https://nam.complianceposturemanagement.office.com,https://are.complianceposturemanagement.office.com,https://aus.complianceposturemanagement.office.com,https://bra.complianceposturemanagement.office.com,https://can.complianceposturemanagement.office.com,https://che.complianceposturemanagement.office.com,https://fra.complianceposturemanagement.office.com,https://gbr.complianceposturemanagement.office.com,https://ind.complianceposturemanagement.office.com,https://jpn.complianceposturemanagement.office.com,https://kor.complianceposturemanagement.office.com,https://lam.complianceposturemanagement.office.com,https://nor.complianceposturemanagement.office.com,https://pol.complianceposturemanagement.office.com,https://sgp.complianceposturemanagement.office.com,https://swe.complianceposturemanagement.office.com,https://zaf.complianceposturemanagement.office.com,https://ita.complianceposturemanagement.office.com,https://deu.complianceposturemanagement.office.com,https://isr.complianceposturemanagement.office.com,https://gccm.complianceposturemanagement.office365.us,https://cmapi-ppe-eastus.azurewebsites.net,https://atm.cmapi.ppe.trafficmanager.net,https://sharon.stp.microsoft.com,https://sharon.stp.officeppe.com,https://stp-sharon-appservice-eastus-ppe.azurewebsites.net,https://stp-sharon-appservice-westus-ppe.azurewebsites.net,https://stp-sharon-appservice-eastus-prod.azurewebsites.net,https://stp-sharon-appservice-westus-prod.azurewebsites.net,https://sharon.servicetrust.microsoft.com/sharon/login,https://sharon.servicetrust.officeppe.com/sharon/login,https://stp-webapi-cld-gcch-virginia.usgovcloudapp.net,https://sharon.servicetrust.microsoft.us,https://stp-webapi-cld-peterson-virginia.usgovcloudapp.net,https://sharon.servicetrust-peterson.microsoft.us,https://stp-webapi-ppe4-eastus.azurewebsites.net,https://servicetrust.office-int.com:44321,https://stp-webapp-prd-na1-slot1.azurewebsites.net,https://stp-webapp-ppe-na1-slot1.azurewebsites.net,https://stp-webapp-int-na1-slot1.azurewebsites.net,https://servicetrust.office-int.com,https://servicetrust.officeppe.com,https://servicetrust.microsoft.com,https://stp-webapi-prd2-eastus.azurewebsites.net,https://stp-webui-prd2-eastus.azurewebsites.net,https://stp-webapi-prd3-eastus.azurewebsites.net,https://stp-webui-prd3-eastus.azurewebsites.net,https://stp-webapi-ppe2-eastus.azurewebsites.net,https://stp-webui-ppe2-eastus.azurewebsites.net,https://stp-webapi-ppe3-eastus.azurewebsites.net,https://stp-webui-ppe3-eastus.azurewebsites.net,https://stp-webapi-ppe6-eastus.azurewebsites.net,https://stp-webui-ppe6-eastus.azurewebsites.net,https://stp-webui-prd2-eastus-webuislot1.azurewebsites.net,https://stp-webapi-ppe99-eastus.azurewebsites.net,https://stp-webapi-cld-prod4-southeastasia.cloudapp.net,https://stp-webapi-cld-prod4-westeurope.cloudapp.net,https://stp-webapi-cld-prod4-eastus.cloudapp.net,https://stp-webapi-cld-prod3-southeastasia.cloudapp.net,https://stp-webapi-cld-prod3-westeurope.cloudapp.net,https://stp-webapi-cld-prod3-eastus.cloudapp.net,https://stp-webapi-cld-ppe3-l-southeastasia.cloudapp.net,https://stp-webapi-cld-ppe3-l-westeurope.cloudapp.net,https://stp-webapi-cld-ppe3-l-eastus.cloudapp.net,https://sharon.servicetrust.microsoft.com,https://sharon.servicetrust.officeppe.com",Application,b70f1c86-0633-4968-8843-a2f4cf25c184
Microsoft People Cards Service,2018-01-13T19:09:11Z,TRUE,FALSE,,"https://peterson.loki.moore.office.com/,https://nam.loki.moore.office.com/linkedInAuthRedirect.aspx,https://df.loki.moore.office.com/linkedInAuthRedirect.aspx,https://msit.loki.moore.office.com/linkedInAuthRedirect.aspx,https://loki.moore.office.com/,https://eur.loki.moore.office.com/linkedInAuthRedirect.aspx,https://apc.loki.moore.office.com/linkedInAuthRedirect.aspx,https://lam.loki.moore.office.com/linkedInAuthRedirect.aspx,https://loki.moore.office.com/linkedinauthredirect.aspx,https://sfdf.loki.moore.office.com/",Application,88cc82e4-d023-4f83-8360-dc77df6e87b7
Microsoft Intune,2018-01-13T19:09:11Z,TRUE,FALSE,,"https://manage-mig.microsoft.com,https://portal.manage-mig.microsoft.com/WebCP/signin-baker2,https://sts.manage.microsoft.us/SignIn,https://sts.manage-ppe.microsoft.us/SignIn,https://sts.manage.microsoft.com/SignIn,https://sts.manage-beta.microsoft.com/SignIn,https://portal.manage-beta.microsoft.com/WebCP/signin-baker2,https://portal.manage.microsoft.com/WebCP/signin-baker2,https://portal.manage-ppe.microsoft.us/WebCP/signin-baker2,https://portal.manage.microsoft.us/WebCP/signin-baker2,https://sts.manage-selfhost.microsoft.com/SignIn,https://portal.manage-selfhost.microsoft.com/WebCP/signin-baker2,https://sts.manage-dogfood.manage.microsoft.com/Signin,https://manage-selfhost.microsoft.com,https://manage.microsoft.us,https://manage-ppe.microsoft.us,https://manage.microsoft.com,https://manage-beta.microsoft.com",Application,2dc1a674-482f-43de-8e6b-7f8d5d0e1a42
Microsoft Intune API,2018-01-13T19:09:11Z,TRUE,FALSE,,,Application,bfdb9145-c927-4dba-8cdf-bc74c0e80e5b
Azure Classic Portal,2018-01-13T19:08:58Z,TRUE,FALSE,,"https://2.portal.azure.com/,https://manage.windowsazure.com/,https://portal.windowsazure.com/,https://1.portal.azure.com/,https://dev.azure-test.net/,https://portal.azure.com/,https://onecloud.local/,https://manage.windowsazure.com,https://portal.windowsazure.com",Application,336d3d7d-f09a-4fe6-8adc-7e94f988da07
