DisplayName,CreatedDateTime,AccountEnabled,AppRoleAssignmentRequired,TagList,ReplyUrls,ServicePrincipalType,Id
Microsoft Graph Command Line Tools,2025-12-17T22:19:09Z,TRUE,FALSE,WindowsAzureActiveDirectoryIntegratedApp,"ms-appx-james10://microsoft.aad.brokerplugin/16529af8-c597-4b72-8a9b-2e3b3ffdc395,http://localhost,https://login.microsoftonline.com/common/oauth2/nativeclient",Application,3f3a2163-ba44-4405-8927-2b27e3aa168e
Microsoft 365 App Catalog Services,2025-12-09T02:21:51Z,TRUE,FALSE,disableLegacyUserImpersonationResource,,Application,c648dfaf-61fa-4070-8036-9c87d2c7cf2c
Entra App Platform System Application,2025-11-25T01:35:38Z,TRUE,FALSE,"disableLegacyUserImpersonationClient,disableLegacyUserImpersonationResource,GitCreatedApp",,Application,7d3d1d50-185a-4858-8a39-613c4527bab2
Power Apps Service Customer Management Plane Backend,2025-11-20T18:35:58Z,TRUE,FALSE,,,Application,03698a26-deb5-413e-8d05-d1f5982a14d8
Microsoft 365 Admin portal,2025-11-15T13:37:19Z,TRUE,FALSE,,"https://ignite.admin.cloud.microsoft/landing,https://canary.admin.cloud.microsoft/landing,https://sdf.admin.cloud.microsoft/landing,https://admin.cloud.microsoft/landing,https://ignite.admin.cloud.microsoft/prelanding,https://sdf.admin.cloud.microsoft/prelanding,https://canary.admin.cloud.microsoft/prelanding,https://admin.cloud.microsoft/prelanding,https://scu.admin.cloud.microsoft/landing,https://brz.admin.cloud.microsoft/landing,https://wus.admin.cloud.microsoft/landing,https://sea.admin.cloud.microsoft/landing,https://cus.admin.cloud.microsoft/landing,https://frc.admin.cloud.microsoft/landing,https://weu.admin.cloud.microsoft/landing,https://eus.admin.cloud.microsoft/landing,https://ignite.admin.cloud.microsoft/msal_redirect.html,https://canary.admin.cloud.microsoft/msal_redirect.html,https://sdf.admin.cloud.microsoft/msal_redirect.html,https://admin.cloud.microsoft/msal_redirect.html,https://scu.admin.cloud.microsoft/msal_redirect.html,https://brz.admin.cloud.microsoft/msal_redirect.html,https://wus.admin.cloud.microsoft/msal_redirect.html,https://sea.admin.cloud.microsoft/msal_redirect.html,https://cus.admin.cloud.microsoft/msal_redirect.html,https://frc.admin.cloud.microsoft/msal_redirect.html,https://weu.admin.cloud.microsoft/msal_redirect.html,https://eus.admin.cloud.microsoft/msal_redirect.html,https://admin.cloud.microsoft,https://ignite.admin.cloud.microsoft,https://sdf.admin.cloud.microsoft,https://canary.admin.cloud.microsoft,https://ignite.admin.cloud.microsoft/msal_redirect_aobo.html,https://canary.admin.cloud.microsoft/msal_redirect_aobo.html,https://sdf.admin.cloud.microsoft/msal_redirect_aobo.html,https://admin.cloud.microsoft/msal_redirect_aobo.html,https://scu.admin.cloud.microsoft/msal_redirect_aobo.html,https://brz.admin.cloud.microsoft/msal_redirect_aobo.html,https://wus.admin.cloud.microsoft/msal_redirect_aobo.html,https://sea.admin.cloud.microsoft/msal_redirect_aobo.html,https://cus.admin.cloud.microsoft/msal_redirect_aobo.html,https://frc.admin.cloud.microsoft/msal_redirect_aobo.html,https://weu.admin.cloud.microsoft/msal_redirect_aobo.html,https://eus.admin.cloud.microsoft/msal_redirect_aobo.html,https://eau.admin.cloud.microsoft/landing,https://ind.admin.cloud.microsoft/landing,https://wjp.admin.cloud.microsoft/landing,https://wuk.admin.cloud.microsoft/landing,https://eau.admin.cloud.microsoft/msal_redirect_aobo.html,https://ind.admin.cloud.microsoft/msal_redirect_aobo.html,https://wjp.admin.cloud.microsoft/msal_redirect_aobo.html,https://wuk.admin.cloud.microsoft/msal_redirect_aobo.html,https://eau.admin.cloud.microsoft/msal_redirect.html,https://ind.admin.cloud.microsoft/msal_redirect.html,https://wjp.admin.cloud.microsoft/msal_redirect.html,https://wuk.admin.cloud.microsoft/msal_redirect.html,https://canary-afd.admin.cloud.microsoft/landing,https://sdf-afd.admin.cloud.microsoft/landing,https://ignite-afd.admin.cloud.microsoft/landing,https://uascanaryprv.admin.cloud.microsoft/landing,https://uassdfprv.admin.cloud.microsoft/landing,https://canary-afd.admin.cloud.microsoft/msal_redirect_aobo.html,https://canary-afd.admin.cloud.microsoft/msal_redirect.html,https://sdf-afd.admin.cloud.microsoft/msal_redirect.html,https://sdf-afd.admin.cloud.microsoft/msal_redirect_aobo.html,https://ignite-afd.admin.cloud.microsoft/msal_redirect_aobo.html,https://ignite-afd.admin.cloud.microsoft/msal_redirect.html,https://uascanaryprv.admin.cloud.microsoft/msal_redirect.html,https://uassdfprv.admin.cloud.microsoft/msal_redirect.html,https://uasigniteprv.admin.cloud.microsoft/msal_redirect.html,https://uascanaryprv.admin.cloud.microsoft/msal_redirect_aobo.html,https://uassdfprv.admin.cloud.microsoft/msal_redirect_aobo.html,https://uasigniteprv.admin.cloud.microsoft/msal_redirect_aobo.html",Application,710bf247-48cd-4724-8cc2-aaea6d58554e
Office Online Service,2025-11-09T21:21:38Z,TRUE,FALSE,"disableLegacyUserImpersonationResource,disableLegacyUserImpersonationClient,disableAcceptingTenantedPassthroughTokens,disableRequestingTenantedPassthroughTokens",,Application,b6d702ef-72d9-4564-810d-ec8c24a29e67
PERFECTDATA SOFTWARE,2025-09-30T21:49:56Z,FALSE,TRUE,"HideApp,WindowsAzureActiveDirectoryIntegratedApp","http://localhost:80,urn:ietf:wg:oauth:2.0:oob,https://login.microsoftonline.com/common/oauth2/nativeclient,https://login.live.com/oauth20_desktop.srf,msal791bdda4-5c6f-45a7-8c2f-af3bb901ba6f://jennifer",Application,18e672f2-6a42-4170-85ad-44174cadcca4
Microsoft Teams Analytics,2025-03-20T18:32:14Z,TRUE,FALSE,"disableLegacyUserImpersonationResource,disableLegacyUserImpersonationClient",,Application,2d016882-b80b-4982-89a4-f5a8dfc19a0b
Substrate Instant Revocation Pipeline,2025-03-19T17:19:32Z,TRUE,FALSE,,,Application,69481a5c-c420-451b-8564-082deb28ed0a
Microsoft Defender for Cloud Apps - Customer Experience,2024-12-17T21:35:00Z,TRUE,FALSE,"GitCreatedApp,disableLegacyUserImpersonationResource,disableLegacyUserImpersonationClient",,Application,fbcf1306-6eaf-43cc-8abf-6c626765aa0b
Microsoft Teams Admin Portal Service,2024-12-06T17:19:11Z,TRUE,FALSE,disableLegacyUserImpersonationResource,"https://admin-tdf.teams.microsoft.com,https://admin-tdf.teams.microsoft.com/error,https://admin-tdf.teams.microsoft.com/signin-oidc,https://admin-tdf.teams.microsoft.com/service-robert5,https://admin-tdf.teams.microsoft.com/index_adalredirect.html,https://dns-itpro-tams-cace-tdf-01.canadacentral.cloudapp.azure.com,https://dns-itpro-tams-cace-tdf-01.canadacentral.cloudapp.azure.com/error,https://dns-itpro-tams-cace-tdf-01.canadacentral.cloudapp.azure.com/signin-oidc,https://dns-itpro-tams-cace-tdf-01.canadacentral.cloudapp.azure.com/service-robert5,https://dns-itpro-tams-cace-tdf-01.canadacentral.cloudapp.azure.com/index_adalredirect,https://admin-tdf.teams.microsoft.com/index_msalredirect_aobo.html,https://admin-tdf.teams.microsoft.com/index_msalredirect.html,https://dns-itpro-tams-cace-tdf-01.canadacentral.cloudapp.azure.com/index_msalredirect_aobo.html,https://dns-itpro-tams-cace-tdf-01.canadacentral.cloudapp.azure.com/index_msalredirect.html,https://dns-itpro-tams-cace-tdf-01.canadacentral.cloudapp.azure.com/index_redirect.html,https://dns-itpro-tams-cace-tdf-01.canadacentral.cloudapp.azure.com/index_redirect_aobo.html,https://admin-tdf.teams.microsoft.com/index_redirect.html,https://admin-tdf.teams.microsoft.com/index_redirect_aobo.html,https://dns-itpro-tams-uswe-prod-azsc.westus.cloudapp.azure.com:20443/index_redirect_aobo.html,https://dns-itpro-tams-uswe-prod-azsc.westus.cloudapp.azure.com:20443/index_redirect.html,https://dns-itpro-tams-usea-prod-azsc.eastus.cloudapp.azure.com:20443/index_redirect_aobo.html,https://dns-itpro-tams-usea-prod-azsc.eastus.cloudapp.azure.com:20443/index_redirect.html,https://dns-itpro-tams-jpwe-prod-azsc.japanwest.cloudapp.azure.com:20443/index_redirect_aobo.html,https://dns-itpro-tams-jpwe-prod-azsc.japanwest.cloudapp.azure.com:20443/index_redirect.html,https://dns-itpro-tams-jpea-prod-azsc.japaneast.cloudapp.azure.com:20443/index_redirect_aobo.html,https://dns-itpro-tams-jpea-prod-azsc.japaneast.cloudapp.azure.com:20443/index_redirect.html,https://dns-itpro-tams-euwe-prod-azsc.westeurope.cloudapp.azure.com:20443/index_redirect_aobo.html,https://dns-itpro-tams-euwe-prod-azsc.westeurope.cloudapp.azure.com:20443/index_redirect.html,https://dns-itpro-tams-euno-prod-azsc.northeurope.cloudapp.azure.com:20443/index_redirect.html,https://dns-itpro-tams-euno-prod-azsc.northeurope.cloudapp.azure.com:20443/index_redirect_aobo.html,https://teams-adminportal-tams-service.centralus.teams-adminportal-tams.centralus-prod.cosmic.office.net/index_redirect_aobo.html,https://teams-adminportal-tams-service.centralus.teams-adminportal-tams.centralus-prod.cosmic.office.net/index_redirect.html,https://tams.cosmic.msit.trafficmanager.net/index_redirect_aobo.html,https://tams.cosmic.msit.trafficmanager.net/index_redirect.html,https://dns-itpro-tams-ip-euno-dev.northeurope.cloudapp.azure.com:20443/index_redirect_aobo.html,https://dns-itpro-tams-ip-euno-dev.northeurope.cloudapp.azure.com:20443/index_redirect.html,https://teams-adminportal-tams-service.dogfood-usea.teams-adminportal-tams.eastus-msit.cosmic.office.net/index_redirect.html,https://teams-adminportal-tams-service.dogfood-usea.teams-adminportal-tams.eastus-msit.cosmic.office.net/index_redirect_aobo.html,https://teams-adminportal-tams-service.dogfood-uswe.teams-adminportal-tams.westus-msit.cosmic.office.net/index_redirect.html,https://teams-adminportal-tams-service.dogfood-uswe.teams-adminportal-tams.westus-msit.cosmic.office.net/index_redirect_aobo.html,https://admin-local-bootstrap.teams.microsoft.net/index_redirect_aobo.html,https://admin-local.teams.microsoft.net/index_redirect_aobo.html,https://admin-dev.teams.microsoft.net/index_redirect_aobo.html,https://admin-int.teams.microsoft.net/index_redirect_aobo.html,https://admin.teams.microsoft.com/index_redirect_aobo.html,https://itpro-tams-poola-ip-usea-prod.teams.microsoft.com:20443/index_redirect_aobo.html,https://itpro-tams-poola-ip-uswe-prod.teams.microsoft.com:20443/index_redirect_aobo.html,https://admin-dogfood.teams.microsoft.com/index_redirect_aobo.html,https://admin.gov.teams.microsoft.us/index_redirect_aobo.html,https://admin.dod.teams.microsoft.us/index_redirect_aobo.html,https://dns-itpro-tamsa-ip-jpea-prod.japaneast.cloudapp.azure.com:20443/index_redirect_aobo.html,https://dns-itpro-tamsa-ip-jpwe-prod.japanwest.cloudapp.azure.com:20443/index_redirect_aobo.html,https://dns-itpro-tamsa-ip-jpwe-prod.japanwest.cloudapp.azure.com:20443/index_redirect.html,https://dns-itpro-tamsa-ip-jpea-prod.japaneast.cloudapp.azure.com:20443/index_redirect.html,https://admin.dod.teams.microsoft.us/index_redirect.html,https://admin.gov.teams.microsoft.us/index_redirect.html,https://admin-dogfood.teams.microsoft.com/index_redirect.html,https://itpro-tams-poola-ip-asea-prod.teams.microsoft.com:20443/index_redirect.html,https://itpro-tams-poola-ip-uswe-prod.teams.microsoft.com:20443/index_redirect.html,https://itpro-tams-poola-ip-usea-prod.teams.microsoft.com:20443/index_redirect.html,https://admin.teams.microsoft.com/index_redirect.html,https://admin-int.teams.microsoft.net/index_redirect.html,https://admin-dev.teams.microsoft.net/index_redirect.html,https://admin-local.teams.microsoft.net/index_redirect.html,https://admin-local-bootstrap.teams.microsoft.net/index_redirect.html,https://admin-dogfood.teams.microsoft.com/error,https://admin-dogfood.teams.microsoft.com/service-robert5,https://admin-dogfood.teams.microsoft.com/index_adalredirect.html,https://admin-dogfood.teams.microsoft.com/signin-oidc,https://admin-dogfood.teams.microsoft.com,https://itpro-tams-poola-ip-uswe-prod.teams.microsoft.com:20443,https://itpro-tams-poola-ip-uswe-prod.teams.microsoft.com:20443/error,https://itpro-tams-poola-ip-uswe-prod.teams.microsoft.com:20443/signin-oidc,https://itpro-tams-poola-ip-uswe-prod.teams.microsoft.com:20443/service-robert5,https://itpro-tams-poola-ip-uswe-prod.teams.microsoft.com:20443/index_adalredirect.html,https://itpro-tams-poola-ip-usea-prod.teams.microsoft.com:20443,https://itpro-tams-poola-ip-usea-prod.teams.microsoft.com:20443/error,https://itpro-tams-poola-ip-usea-prod.teams.microsoft.com:20443/signin-oidc,https://itpro-tams-poola-ip-usea-prod.teams.microsoft.com:20443/service-robert5,https://itpro-tams-poola-ip-usea-prod.teams.microsoft.com:20443/index_adalredirect.html,https://admin.dod.teams.microsoft.us/turner,https://admin.dod.teams.microsoft.us,https://admin.dod.teams.microsoft.us/error,https://admin.dod.teams.microsoft.us/service-robert5,https://admin.dod.teams.microsoft.us/index,https://admin.dod.teams.microsoft.us/signin-oidc,https://admin.dod.teams.microsoft.us/index_adalredirect.html,https://admin.gov.teams.microsoft.us,https://admin.gov.teams.microsoft.us/error,https://admin.gov.teams.microsoft.us/signin-oidc,https://admin.gov.teams.microsoft.us/service-robert5,https://admin.gov.teams.microsoft.us/index_adalredirect.html,https://admin-local-bootstrap.teams.microsoft.net/index_msalredirect.html,https://admin-local-bootstrap.teams.microsoft.net/index_adalredirect.html,https://admin-local-bootstrap.teams.microsoft.net/service-robert5,https://admin-local-bootstrap.teams.microsoft.net/signin-oidc,https://admin-local-bootstrap.teams.microsoft.net/error,https://admin-local-bootstrap.teams.microsoft.net,https://admin-local.teams.microsoft.net/index_msalredirect.html,https://admin-local.teams.microsoft.net/index_adalredirect.html,https://admin-local.teams.microsoft.net/service-robert5,https://admin-local.teams.microsoft.net/signin-oidc,https://admin-local.teams.microsoft.net/error,https://admin-local.teams.microsoft.net,https://admin-dev.teams.microsoft.net/index_msalredirect.html,https://admin-dev.teams.microsoft.net/index_adalredirect.html,https://admin-dev.teams.microsoft.net/service-robert5,https://admin-dev.teams.microsoft.net/signin-oidc,https://admin-dev.teams.microsoft.net/error,https://admin-dev.teams.microsoft.net,https://admin-int.teams.microsoft.net/index_msalredirect.html,https://admin-int.teams.microsoft.net/index_adalredirect.html,https://admin-int.teams.microsoft.net/service-robert5,https://admin-int.teams.microsoft.net/signin-oidc,https://admin-int.teams.microsoft.net/error,https://admin-int.teams.microsoft.net,https://admin.teams.microsoft.com/index_msalredirect.html,https://admin.teams.microsoft.com/index_adalredirect.html,https://admin.teams.microsoft.com/service-robert5,https://admin.teams.microsoft.com/signin-oidc,https://admin.teams.microsoft.com/error,https://admin.teams.microsoft.com,https://itpro-tams-poola-ip-usea-prod.teams.microsoft.com:20443/index_msalredirect.html,https://itpro-tams-poola-ip-uswe-prod.teams.microsoft.com:20443/index_msalredirect.html,https://itpro-tams-poola-ip-asea-prod.teams.microsoft.com:20443/index_msalredirect.html,https://admin-dogfood.teams.microsoft.com/index_msalredirect.html,https://admin.gov.teams.microsoft.us/index_msalredirect.html,https://admin.dod.teams.microsoft.us/index_msalredirect.html,https://dns-itpro-tamsa-ip-jpea-prod.japaneast.cloudapp.azure.com:20443/index_msalredirect.html,https://dns-itpro-tamsa-ip-jpea-prod.japaneast.cloudapp.azure.com:20443,https://dns-itpro-tamsa-ip-jpea-prod.japaneast.cloudapp.azure.com:20443/signin-oidc,https://dns-itpro-tamsa-ip-jpea-prod.japaneast.cloudapp.azure.com:20443/service-robert5,https://dns-itpro-tamsa-ip-jpea-prod.japaneast.cloudapp.azure.com:20443/error,https://dns-itpro-tamsa-ip-jpwe-prod.japanwest.cloudapp.azure.com:20443/index_msalredirect.html,https://dns-itpro-tamsa-ip-jpwe-prod.japanwest.cloudapp.azure.com:20443,https://dns-itpro-tamsa-ip-jpwe-prod.japanwest.cloudapp.azure.com:20443/signin-oidc,https://dns-itpro-tamsa-ip-jpwe-prod.japanwest.cloudapp.azure.com:20443/service-robert5,https://dns-itpro-tamsa-ip-jpwe-prod.japanwest.cloudapp.azure.com:20443/error,https://dns-itpro-tamsa-ip-jpwe-prod.japanwest.cloudapp.azure.com:20443/index_msalredirect_aobo.html,https://dns-itpro-tamsa-ip-jpea-prod.japaneast.cloudapp.azure.com:20443/index_msalredirect_aobo.html,https://admin.dod.teams.microsoft.us/index_msalredirect_aobo.html,https://admin.gov.teams.microsoft.us/index_msalredirect_aobo.html,https://admin-dogfood.teams.microsoft.com/index_msalredirect_aobo.html,https://itpro-tams-poola-ip-uswe-prod.teams.microsoft.com:20443/index_msalredirect_aobo.html,https://itpro-tams-poola-ip-usea-prod.teams.microsoft.com:20443/index_msalredirect_aobo.html,https://admin.teams.microsoft.com/index_msalredirect_aobo.html,https://admin-int.teams.microsoft.net/index_msalredirect_aobo.html,https://admin-dev.teams.microsoft.net/index_msalredirect_aobo.html,https://admin-local.teams.microsoft.net/index_msalredirect_aobo.html,https://admin-local-bootstrap.teams.microsoft.net/index_msalredirect_aobo.html,https://teams-adminportal-tams-service.dogfood-uswe.teams-adminportal-tams.westus-msit.cosmic.office.net/index_msalredirect_aobo.html,https://teams-adminportal-tams-service.dogfood-uswe.teams-adminportal-tams.westus-msit.cosmic.office.net/index_msalredirect.html,https://teams-adminportal-tams-service.dogfood-uswe.teams-adminportal-tams.westus-msit.cosmic.office.net/service-robert5,https://teams-adminportal-tams-service.dogfood-uswe.teams-adminportal-tams.westus-msit.cosmic.office.net/signin-oidc,https://teams-adminportal-tams-service.dogfood-uswe.teams-adminportal-tams.westus-msit.cosmic.office.net/error,https://teams-adminportal-tams-service.dogfood-uswe.teams-adminportal-tams.westus-msit.cosmic.office.net,https://teams-adminportal-tams-service.dogfood-usea.teams-adminportal-tams.eastus-msit.cosmic.office.net/index_msalredirect_aobo.html,https://teams-adminportal-tams-service.dogfood-usea.teams-adminportal-tams.eastus-msit.cosmic.office.net/index_msalredirect.html,https://teams-adminportal-tams-service.dogfood-usea.teams-adminportal-tams.eastus-msit.cosmic.office.net/service-robert5,https://teams-adminportal-tams-service.dogfood-usea.teams-adminportal-tams.eastus-msit.cosmic.office.net/signin-oidc,https://teams-adminportal-tams-service.dogfood-usea.teams-adminportal-tams.eastus-msit.cosmic.office.net/error,https://teams-adminportal-tams-service.dogfood-usea.teams-adminportal-tams.eastus-msit.cosmic.office.net,https://dns-itpro-tams-ip-euno-dev.northeurope.cloudapp.azure.com:20443/,https://dns-itpro-tams-ip-euno-dev.northeurope.cloudapp.azure.com:20443/error,https://dns-itpro-tams-ip-euno-dev.northeurope.cloudapp.azure.com:20443/signin-oidc,https://dns-itpro-tams-ip-euno-dev.northeurope.cloudapp.azure.com:20443/service-robert5,https://dns-itpro-tams-ip-euno-dev.northeurope.cloudapp.azure.com:20443/index_adalredirect.html,https://dns-itpro-tams-ip-euno-dev.northeurope.cloudapp.azure.com:20443/index_msalredirect.html,https://dns-itpro-tams-ip-euno-dev.northeurope.cloudapp.azure.com:20443/index_msalredirect_aobo.html,https://tams.cosmic.msit.trafficmanager.net,https://tams.cosmic.msit.trafficmanager.net/error,https://tams.cosmic.msit.trafficmanager.net/signin-oidc,https://tams.cosmic.msit.trafficmanager.net/service-robert5,https://tams.cosmic.msit.trafficmanager.net/index_msalredirect.html,https://tams.cosmic.msit.trafficmanager.net/index_msalredirect_aobo.html,https://teams-adminportal-tams-service.centralus.teams-adminportal-tams.centralus-prod.cosmic.office.net,https://teams-adminportal-tams-service.centralus.teams-adminportal-tams.centralus-prod.cosmic.office.net/error,https://teams-adminportal-tams-service.centralus.teams-adminportal-tams.centralus-prod.cosmic.office.net/signin-oidc,https://teams-adminportal-tams-service.centralus.teams-adminportal-tams.centralus-prod.cosmic.office.net/service-robert5,https://teams-adminportal-tams-service.centralus.teams-adminportal-tams.centralus-prod.cosmic.office.net/index_msalredirect.html,https://teams-adminportal-tams-service.centralus.teams-adminportal-tams.centralus-prod.cosmic.office.net/index_msalredirect_aobo.html,https://dns-itpro-tams-euno-prod-azsc.northeurope.cloudapp.azure.com:20443/index_msalredirect_aobo.html,https://dns-itpro-tams-euno-prod-azsc.northeurope.cloudapp.azure.com:20443/index_msalredirect.html,https://dns-itpro-tams-euno-prod-azsc.northeurope.cloudapp.azure.com:20443/service-robert5,https://dns-itpro-tams-euno-prod-azsc.northeurope.cloudapp.azure.com:20443/signin-oidc,https://dns-itpro-tams-euno-prod-azsc.northeurope.cloudapp.azure.com:20443/error,https://dns-itpro-tams-euno-prod-azsc.northeurope.cloudapp.azure.com:20443,https://dns-itpro-tams-euwe-prod-azsc.westeurope.cloudapp.azure.com:20443,https://dns-itpro-tams-euwe-prod-azsc.westeurope.cloudapp.azure.com:20443/error,https://dns-itpro-tams-euwe-prod-azsc.westeurope.cloudapp.azure.com:20443/signin-oidc,https://dns-itpro-tams-euwe-prod-azsc.westeurope.cloudapp.azure.com:20443/service-robert5,https://dns-itpro-tams-euwe-prod-azsc.westeurope.cloudapp.azure.com:20443/index_msalredirect.html,https://dns-itpro-tams-euwe-prod-azsc.westeurope.cloudapp.azure.com:20443/index_msalredirect_aobo.html,https://dns-itpro-tams-jpea-prod-azsc.japaneast.cloudapp.azure.com:20443,https://dns-itpro-tams-jpea-prod-azsc.japaneast.cloudapp.azure.com:20443/error,https://dns-itpro-tams-jpea-prod-azsc.japaneast.cloudapp.azure.com:20443/signin-oidc,https://dns-itpro-tams-jpea-prod-azsc.japaneast.cloudapp.azure.com:20443/service-robert5,https://dns-itpro-tams-jpea-prod-azsc.japaneast.cloudapp.azure.com:20443/index_msalredirect.html,https://dns-itpro-tams-jpea-prod-azsc.japaneast.cloudapp.azure.com:20443/index_msalredirect_aobo.html,https://dns-itpro-tams-jpwe-prod-azsc.japanwest.cloudapp.azure.com:20443,https://dns-itpro-tams-jpwe-prod-azsc.japanwest.cloudapp.azure.com:20443/error,https://dns-itpro-tams-jpwe-prod-azsc.japanwest.cloudapp.azure.com:20443/signin-oidc,https://dns-itpro-tams-jpwe-prod-azsc.japanwest.cloudapp.azure.com:20443/service-robert5,https://dns-itpro-tams-jpwe-prod-azsc.japanwest.cloudapp.azure.com:20443/index_msalredirect.html,https://dns-itpro-tams-jpwe-prod-azsc.japanwest.cloudapp.azure.com:20443/index_msalredirect_aobo.html,https://dns-itpro-tams-usea-prod-azsc.eastus.cloudapp.azure.com:20443,https://dns-itpro-tams-usea-prod-azsc.eastus.cloudapp.azure.com:20443/error,https://dns-itpro-tams-usea-prod-azsc.eastus.cloudapp.azure.com:20443/signin-oidc,https://dns-itpro-tams-usea-prod-azsc.eastus.cloudapp.azure.com:20443/service-robert5,https://dns-itpro-tams-usea-prod-azsc.eastus.cloudapp.azure.com:20443/index_msalredirect.html,https://dns-itpro-tams-usea-prod-azsc.eastus.cloudapp.azure.com:20443/index_msalredirect_aobo.html,https://dns-itpro-tams-uswe-prod-azsc.westus.cloudapp.azure.com:20443,https://dns-itpro-tams-uswe-prod-azsc.westus.cloudapp.azure.com:20443/error,https://dns-itpro-tams-uswe-prod-azsc.westus.cloudapp.azure.com:20443/signin-oidc,https://dns-itpro-tams-uswe-prod-azsc.westus.cloudapp.azure.com:20443/service-robert5,https://dns-itpro-tams-uswe-prod-azsc.westus.cloudapp.azure.com:20443/index_msalredirect.html,https://dns-itpro-tams-uswe-prod-azsc.westus.cloudapp.azure.com:20443/index_msalredirect_aobo.html",Application,9aa696e0-4f5e-4f67-8746-a6ef7aca30c7
Microsoft Rights Management Services Default,2024-12-04T17:22:37Z,TRUE,FALSE,"GitCreatedApp,disableLegacyUserImpersonationResource,disableLegacyUserImpersonationClient",,Application,139c302b-bc28-4190-8e1f-69f236bbfd0e
Microsoft Office Licensing Service Agents,2024-11-30T14:55:39Z,TRUE,FALSE,,,Application,bcf5e453-cc32-4a1a-85f1-59248aad940f
Office365 Shell WCSS-Server Default,2024-05-12T02:58:08Z,TRUE,FALSE,"disableRequestingTenantedPassthroughTokens,disableAcceptingTenantedPassthroughTokens,disableLegacyUserImpersonationResource,disableLegacyUserImpersonationClient",,Application,75c4dead-55c3-4c6d-868c-d82b4b9366f2
Skype For Business Entitlement,2023-03-01T20:30:50Z,TRUE,FALSE,disableLegacyUserImpersonationClient,,Application,4c165d10-0027-48de-847b-374562b076a1
AAD Lifecycle Management,2022-02-28T12:55:23Z,TRUE,FALSE,,,Application,02984daf-00a2-40de-8129-778e00c540cf
My Apps,2022-02-28T12:55:23Z,TRUE,FALSE,,"https://myapplications.microsoft.com/blank.html,https://myapps.microsoft.com/blank.html,https://launcher.myapps.microsoft.com/morgan/passwordsso,https://myapplications.microsoft.com/morgan/signin-oidc,https://launcher.myapps.microsoft.com,https://launcher.myapps.microsoft.com/morgan/signin-oidc,https://myapps.microsoft.com,https://myapplications.microsoft.com,https://myapplications.azure.us,x-msauth-MyApplications://com.microsoft.MyApplications,msauth://com.myapps/e%2fwWXNjQurk5S5P0EkZaIvjcMps%3d",Application,501db161-ea43-471b-8067-b3f0eb725125
Azure AD Identity Governance - Entitlement Management,2022-02-28T12:55:22Z,TRUE,FALSE,,"https://myaccess.microsoft.com/,https://myaccess.microsoft.us/,https://myaccess.canary.microsoft.com",Application,838e3556-8121-4184-851e-0515ec6d32a7
Azure AD Identity Governance - Directory Management,2022-02-28T12:55:22Z,TRUE,FALSE,,,Application,1610045e-f206-4418-8457-0f361fc7f90c
Azure AD Identity Governance - SPO Management,2022-02-28T12:55:22Z,TRUE,FALSE,,,Application,4353af4d-0fcb-47e6-8e41-94a9ba74a85a
Azure AD Identity Governance Insights,2022-02-28T12:55:22Z,TRUE,FALSE,,"brk-c44b4083-3bb0-49c1-b47d-974e53cbdf3c://rc.portal.azure.com,brk-c44b4083-3bb0-49c1-b47d-974e53cbdf3c://canary-ms.portal.azure.com,brk-c44b4083-3bb0-49c1-b47d-974e53cbdf3c://ms.portal.azure.com,brk-c44b4083-3bb0-49c1-b47d-974e53cbdf3c://preview.portal.azure.com,brk-c44b4083-3bb0-49c1-b47d-974e53cbdf3c://canary.portal.azure.com,brk-c44b4083-3bb0-49c1-b47d-974e53cbdf3c://portal.azure.com,brk-c44b4083-3bb0-49c1-b47d-974e53cbdf3c://aad.portal.azure.com,brk-c44b4083-3bb0-49c1-b47d-974e53cbdf3c://joseph2.microsoft.com,brk-c44b4083-3bb0-49c1-b47d-974e53cbdf3c://devicemanagement.microsoft.com,brk-c44b4083-3bb0-49c1-b47d-974e53cbdf3c://entra.microsoft.com,brk-c44b4083-3bb0-49c1-b47d-974e53cbdf3c://canary.entra.microsoft.com,brk-c44b4083-3bb0-49c1-b47d-974e53cbdf3c://intune.microsoft.com",Application,9591a9ab-3553-4044-86af-1bd63df104dd
AzureLockbox,2022-02-28T12:55:22Z,TRUE,FALSE,,"https://lockbox-sf-prod-cus.centralus.cloudapp.azure.com,https://lockbox-sf-prod-scus.southcentralus.cloudapp.azure.com",Application,929926ac-241c-4d9f-8f3a-f6c24c995536
AAD Terms Of Use,2022-02-28T12:55:22Z,TRUE,FALSE,,"https://tokenprovider.termsofuse.identitygovernance.azure.us,https://tokenprovider.termsofuse.identitygovernance.azure.com",Application,cb8d0d55-296d-4df4-8f32-965207bb5ba0
Azure AD Notification,2022-02-28T12:55:22Z,TRUE,FALSE,,"https://ww.notify.iga.azure.us/info,https://ww.notify.iga.azure.net/info,http://localhost,https://ww.notify.iga.azure.us,https://ww.notify.iga.azure.net",Application,4d1e4cd4-8444-48d3-8bbf-f982bfa54ea0
Azure Multi-Factor Auth Connector,2022-02-28T12:55:13Z,TRUE,FALSE,,,Application,7e31abd4-8505-4686-89d1-d73177b37248
Microsoft Azure AD Identity Protection,2020-04-20T13:29:48Z,TRUE,FALSE,,"https://ipcapi-us.azure.com/,https://ipcapi-eu.azure.com",Application,ea7a1f1f-713c-40c6-824e-a5b7c743eb1a
Azure Classic Portal,2013-04-21T03:41:18Z,TRUE,FALSE,,"https://portal.windowsazure.com,https://manage.windowsazure.com,https://onecloud.local/,https://portal.azure.com/,https://partner3015.example/,https://1.portal.azure.com/,https://portal.windowsazure.com/,https://manage.windowsazure.com/,https://2.portal.azure.com/",Application,0849511c-42a8-4f87-8023-b3150ee096fb
Microsoft.Azure.GraphExplorer,2013-02-16T15:54:33Z,TRUE,FALSE,,,Application,22e8fe2a-cde6-4079-8e3b-765df4fab0c7
Microsoft.Azure.GraphStore,2013-02-16T15:54:33Z,FALSE,FALSE,,,Application,8c1e1775-92ce-4eeb-872b-68c39e9cf666
Microsoft App Access Panel,2012-12-07T19:37:22Z,TRUE,FALSE,,"https://account.activedirectory.windowsazure.com/proofup.aspx,https://morgan.mysignins.microsoft.com/morgan/post/registerMfaMethods,https://mysignins.microsoft.com/morgan/post/registerMfaMethods,https://morgan.mysignins.microsoft.com/morgan/post/registerSsprMethodsInterrupt,https://mysignins.microsoft.com/morgan/post/registerSsprMethodsInterrupt,https://account.activedirectory.windowsazure.com/applications/redirecttoapplication.aspx,https://account-tip.activedirectory.windowsazure.com/,https://account.activedirectory.windowsazure.com/,https://account.activedirectory.windowsazure.us/",Application,bc96fb6d-909c-4be0-834f-96a2a6a5fd16
Windows Azure Active Directory,2012-12-06T19:05:31Z,TRUE,FALSE,,,Application,84f29e3c-8fba-469b-880e-48ea1d83a934
Office 365 SharePoint Online,2012-12-06T19:05:31Z,TRUE,FALSE,"disableAcceptingTenantedPassthroughTokens,disableRequestingTenantedPassthroughTokens","https://onedrive.cloud.microsoft/_forms/default.aspx,https://consolidatedmsgr-*.sharepoint.com/_forms/default.aspx,https://consolidatedmsgr.sharepoint.com/_forms/default.aspx",Application,fd92cc21-f7aa-41a5-80e9-04f5f6f0fe2a
Microsoft Exchange Online Protection,2012-12-06T19:05:31Z,TRUE,FALSE,,https://admin.virginia2.outlook.com/ExtendedReport/CallBack,Application,368c9807-a9f6-4bfa-8a05-e49bb448a85a
Microsoft Office 365 Portal,2012-12-06T19:05:31Z,TRUE,FALSE,,"https://naprodprv3.office.com/landing,https://helpdeskbusinessassist.microsoft.com/landing,https://prv.businessassist.microsoft.com/landing,https://businessassist.microsoft.com/landing,https://admin-dev.exchange.trafficmanager.net/landing,https://admin.microsoft.com/prelanding,https://ejpportal.office.com/landing,https://brzportal.office.com/landing,https://brzportal.office.com,https://admin-ignite.microsoft.com/landing,https://ap-afd-b.portal.office.com/,https://ap-akamai.portal.office.com/,https://wjpnportal.office.com/,https://wjpnportal.office.com,https://eauportal.office.com/,https://eauportal.office.com,https://cusportal.office.com/,https://cusportal.office.com,https://portal.microsoftonline.com/,https://portal.microsoftonline.com,https://wukportal.office.com/landing,https://eusportal.office.com/landing,https://wusportal.office.com/landing,https://seaportal.office.com/landing,https://scuportal.office.com/landing,https://weuportal.office.com/landing,https://ncuportal.office.com/landing,https://ncuportalprv.office.com/landing,https://scuportalprv.office.com/landing,https://portal-sdf.office.com/landing,https://portal.office.com/landing,https://wusportalprv.office.com/landing,https://admin.microsoft.com/landing,https://admin.microsoft365.com/landing,https://frcportal.office.com/landing,https://portal.microsoftonline.com/landing,https://cusportal.office.com/landing,https://eauportal.office.com/landing,https://wjpnportal.office.com/landing,https://admin-sdf.microsoft.com/landing,https://portal.microsoft.com/landing,https://wjpportal.office.com/landing,https://indportal.office.com/landing,https://indportal.office.com,https://wusportalprv.office.com/,https://jennifer.microsoftonline.com/,https://scuportalprv.office.com/,https://ncuportalprv.office.com/,https://ncuportal.office.com/,https://weuportal.office.com/,https://eusportal.office.com/,https://scuportal.office.com/,https://seaportal.office.com/,https://wusportal.office.com/,https://easportal.office.com/,https://ejpportal.office.com/,https://sukportal.office.com/,https://wukportal.office.com/,https://wukportal.office.com,https://admin.microsoft365.com,https://portal-sdf.apps.mil/,https://portal-sdf.apps.mil,https://portal.apps.mil/,https://portal.apps.mil,https://portal-sdf.office365.us/,https://portal-sdf.office365.us,https://portal.office365.us/,https://portal.office365.us,https://portal.microsoft.com,https://admin.microsoft.com,https://wusportalprv.office.com,https://jennifer.microsoftonline.com,https://portal.office.com,https://portal-sdf.office.com/,https://scuportalprv.office.com,https://ncuportalprv.office.com,https://ncuportal.office.com,https://weuportal.office.com,https://eusportal.office.com,https://scuportal.office.com,https://seaportal.office.com,https://wusportal.office.com,https://easportal.office.com,https://ejpportal.office.com,https://nukportal.office.com,https://sukportal.office.com,https://ncuportalprv-staging.office.com,https://scuportalprv-staging.office.com,https://admin-ignite.microsoft.com,https://admin-ignite.microsoft.com/,https://admin-sdf.microsoft.com,https://admin-sdf.microsoft.com/,https://frcportal.office.com,https://frcportal.office.com/",Application,52c8eb53-7c9f-431c-8357-890a62dd4f52
Office 365 Exchange Online,2012-12-06T19:05:31Z,TRUE,FALSE,,"https://outlook.cloud.microsoft,https://outlook-sdf.cloud.microsoft,https://sdfpilot.outlook.com/owa,https://outlook.office365.com/owa",Application,acf5fb2f-21b8-496b-8fe2-0c55d08b86a2
Skype for Business Online,2012-12-06T19:05:31Z,TRUE,FALSE,,"https://portal.pinauth.services.skypeforbusiness.com/,https://bootstrap.pinauth.services.skypeforbusiness.com/,https://portal.pinauth.services.skypeforbusiness.com/samuel/provision,https://bootstrap.pinauth.services.skypeforbusiness.com/samuel/provision",Application,881e88f8-85ab-4e63-8949-532a715ad46a
