ActivityDateTime,ActivityDisplayName,AdditionalDetails.1.Key,AdditionalDetails.1.Value,AdditionalDetails.1.AdditionalProperties,AdditionalDetails.2.Key,AdditionalDetails.2.Value,AdditionalDetails.2.AdditionalProperties,AdditionalDetails.3.Key,AdditionalDetails.3.Value,AdditionalDetails.3.AdditionalProperties,AdditionalDetails.4.Key,AdditionalDetails.4.Value,AdditionalDetails.4.AdditionalProperties,Category,CorrelationId,Id,InitiatedBy.App.AppId,InitiatedBy.App.DisplayName,InitiatedBy.App.ServicePrincipalId,InitiatedBy.App.ServicePrincipalName,InitiatedBy.App.AdditionalProperties,InitiatedBy.LinkableIdentifiers.DeviceId,InitiatedBy.LinkableIdentifiers.SessionId,InitiatedBy.LinkableIdentifiers.TokenDetails.IssuedAtDateTime,InitiatedBy.LinkableIdentifiers.TokenDetails.UniqueTokenIdentifier,InitiatedBy.LinkableIdentifiers.TokenDetails.AdditionalProperties,InitiatedBy.LinkableIdentifiers.AdditionalProperties,InitiatedBy.User.DisplayName,InitiatedBy.User.HomeTenantId,InitiatedBy.User.HomeTenantName,InitiatedBy.User.IPAddress,InitiatedBy.User.Id,InitiatedBy.User.UserPrincipalName,InitiatedBy.User.AdditionalProperties.agentType,InitiatedBy.AdditionalProperties,LoggedByService,OperationType,Result,ResultReason,TargetResources.1.DisplayName,TargetResources.1.GroupType,TargetResources.1.Id,TargetResources.1.ModifiedProperties,TargetResources.1.Type,TargetResources.1.UserPrincipalName,TargetResources.1.AdditionalProperties,UserAgent,AdditionalProperties
2025-12-17 22:23,Validate user authentication,targetTenant,538835a7-5878-4c75-8c10-792210402dee,,targetEntityType,None,,actorIdentityType,UPN,,RequestId,76e0543d-39f3-44ba-8e31-aaaa6d176427,,Authentication,76e0543d-39f3-44ba-8e31-aaaa6d176427,B2C_76e0543d-39f3-44ba-8e31-aaaa6d176427_9fc57536-e8d3-4117-8537-fc27bc714352_134078918287152270,,,,,,,,,,,,admin@consolidatedmsgr.microsoftonline.com,,,20.190.153.222,263b1058-d2be-4326-8878-8ce79c878792,admin@consolidatedmsgr.microsoftonline.com,notAgentic,,B2C,Read,success,Token is valid,538835a7-5878-4c75-8c10-792210402dee,,,Microsoft.Graph.Beta.PowerShell.Models.IMicrosoftGraphModifiedProperty[],Other,,,"Mozilla/5.0 (Windows NT 10.0; Win64; x64) AppleWebKit/537.36 (KHTML, like Gecko) Chrome/142.0.0.206 Safari/537.36 Edg/142.0.0.206",
2025-12-17 22:23,Update user,UserType,,,,,,,,,,,,UserManagement,f88313f1-c871-4b6f-8929-d8482d8306c1,Directory_f88313f1-c871-4b6f-8929-d8482d8306c1_9BYFY_532473468,,Stewart Reed3 Kim5,e53c9fc2-7f00-4e69-8487-6c95f3535dc7,,,,,,,,,,,,,,,,,Core Directory,Update,success,,,,263b1058-d2be-4326-8878-8ce79c878792,,User,admin@consolidatedmsgr.microsoftonline.com,,,
2025-12-17 22:19,Consent to application,User-Collins,EvoSTS,,AppId,16529af8-c597-4b72-8a9b-2e3b3ffdc395,,AppOwnerOrganizationId,cdc5aeea-15c5-4db6-b079-fcadd2505dc2,,,,,ApplicationManagement,a249fadf-e7f9-4148-8ca9-422e033bec29,Directory_a249fadf-e7f9-4148-8ca9-422e033bec29_XE46K_24359058,,,,,,,,,,,,Stewart Brooks3 Service,,,20.163.68.13,263b1058-d2be-4326-8878-8ce79c878792,admin@consolidatedmsgr.microsoftonline.com,notAgentic,,Core Directory,Assign,success,,Samuel4 Stewart4 Nancy Janet3 Michelle4,,3f3a2163-ba44-4405-8927-2b27e3aa168e,,ServicePrincipal,,,,
2025-12-17 22:19,Add app role assignment grant to user,User-Collins,EvoSTS,,AppId,16529af8-c597-4b72-8a9b-2e3b3ffdc395,,,,,,,,UserManagement,a249fadf-e7f9-4148-8ca9-422e033bec29,Directory_a249fadf-e7f9-4148-8ca9-422e033bec29_XE46K_24359051,,,,,,,,,,,,Stewart Brooks3 Service,,,20.163.68.13,263b1058-d2be-4326-8878-8ce79c878792,admin@consolidatedmsgr.microsoftonline.com,notAgentic,,Core Directory,Assign,success,,Samuel4 Stewart4 Nancy Janet3 Michelle4,,3f3a2163-ba44-4405-8927-2b27e3aa168e,,ServicePrincipal,,,,
2025-12-17 22:19,Add phillips permission grant,User-Collins,EvoSTS,,AppId,00000003-0000-0000-c000-000000000000,,,,,,,,ApplicationManagement,a249fadf-e7f9-4148-8ca9-422e033bec29,Directory_a249fadf-e7f9-4148-8ca9-422e033bec29_XE46K_24359032,,,,,,,,,,,,Stewart Brooks3 Service,,,20.163.68.13,263b1058-d2be-4326-8878-8ce79c878792,admin@consolidatedmsgr.microsoftonline.com,notAgentic,,Core Directory,Assign,success,,Samuel4 Stewart4,,d17a33f6-4fa5-441a-86cf-9bfd05fb2dd6,,ServicePrincipal,,,,
2025-12-17 22:19,Add service principal,User-Collins,EvoSTS,,AppId,16529af8-c597-4b72-8a9b-2e3b3ffdc395,,AppOwnerOrganizationId,cdc5aeea-15c5-4db6-b079-fcadd2505dc2,,,,,ApplicationManagement,a249fadf-e7f9-4148-8ca9-422e033bec29,Directory_a249fadf-e7f9-4148-8ca9-422e033bec29_XE46K_24359014,,,,,,,,,,,,Stewart Brooks3 Service,,,20.163.68.13,263b1058-d2be-4326-8878-8ce79c878792,admin@consolidatedmsgr.microsoftonline.com,notAgentic,,Core Directory,Add,success,,Samuel4 Stewart4 Nancy Janet3 Michelle4,,3f3a2163-ba44-4405-8927-2b27e3aa168e,,ServicePrincipal,,,,
2025-12-17 21:34,Update user,UserType,,,,,,,,,,,,UserManagement,f098f028-3fc4-4632-87e9-41f7c623ee12,Directory_f098f028-3fc4-4632-87e9-41f7c623ee12_SAB6K_71451713,,ConnectSyncProvisioning_Joan2-Jackson1_f0234657174f,67c682e9-8d2e-40f2-839d-d76814e0dc7a,,,,,,,,,,,,,,,,,Core Directory,Update,success,,,,16040d97-c0b3-43ad-8158-1c920732fd67,,User,bennett4@consolidatedmsgr.com,,,
2025-12-17 21:33,Update StsRefreshTokenValidFrom Timestamp,,,,,,,,,,,,,UserManagement,34dbf76a-a5a1-4344-8d1a-f65706be1a8b,Directory_34dbf76a-a5a1-4344-8d1a-f65706be1a8b_3KRC3_8323499,,ConnectSyncProvisioning_Joan2-Jackson1_f0234657174f,67c682e9-8d2e-40f2-839d-d76814e0dc7a,,,,,,,,,,,,,,,,,Core Directory,Update,success,,,,16040d97-c0b3-43ad-8158-1c920732fd67,,User,bennett4@consolidatedmsgr.com,,,
2025-12-17 21:33,Change user password,,,,,,,,,,,,,UserManagement,34dbf76a-a5a1-4344-8d1a-f65706be1a8b,Directory_34dbf76a-a5a1-4344-8d1a-f65706be1a8b_3KRC3_8323492,,ConnectSyncProvisioning_Joan2-Jackson1_f0234657174f,67c682e9-8d2e-40f2-839d-d76814e0dc7a,,,,,,,,,,,,,,,,,Core Directory,Update,success,,,,16040d97-c0b3-43ad-8158-1c920732fd67,,User,bennett4@consolidatedmsgr.com,,,
2025-12-17 21:33,Update PasswordProfile,,,,,,,,,,,,,UserManagement,34dbf76a-a5a1-4344-8d1a-f65706be1a8b,Directory_34dbf76a-a5a1-4344-8d1a-f65706be1a8b_3KRC3_8323478,,ConnectSyncProvisioning_Joan2-Jackson1_f0234657174f,67c682e9-8d2e-40f2-839d-d76814e0dc7a,,,,,,,,,,,,,,,,,Core Directory,Update,success,,,,16040d97-c0b3-43ad-8158-1c920732fd67,,User,bennett4@consolidatedmsgr.com,,,
2025-12-17 21:23,Update user,UserType,,,,,,,,,,,,UserManagement,3fdce91f-cf97-47b2-81f0-b6ed0ee1e93e,Directory_3fdce91f-cf97-47b2-81f0-b6ed0ee1e93e_8S530_7229815,,ConnectSyncProvisioning_Joan2-Jackson1_f0234657174f,67c682e9-8d2e-40f2-839d-d76814e0dc7a,,,,,,,,,,,,,,,,,Core Directory,Update,success,,,,16040d97-c0b3-43ad-8158-1c920732fd67,,User,bennett4@consolidatedmsgr.com,,,
2025-12-17 21:23,Update user,UserType,,,,,,,,,,,,UserManagement,8b88286b-ad5e-45b9-8755-e904de98b9a3,Directory_8b88286b-ad5e-45b9-8755-e904de98b9a3_3ZLCZ_513307839,,Stewart Reed3 Kim5,e53c9fc2-7f00-4e69-8487-6c95f3535dc7,,,,,,,,,,,,,,,,,Core Directory,Update,success,,,,16040d97-c0b3-43ad-8158-1c920732fd67,,User,bennett4@consolidatedmsgr.com,,,
2025-12-17 21:19,Update user,UserType,,,,,,,,,,,,UserManagement,89324ed8-3eae-4faa-82dc-fb67ea52bbe4,Directory_89324ed8-3eae-4faa-82dc-fb67ea52bbe4_9ANOM_441045528,,Stewart Reed3 Kim5,e53c9fc2-7f00-4e69-8487-6c95f3535dc7,,,,,,,,,,,,,,,,,Core Directory,Update,success,,,,16040d97-c0b3-43ad-8158-1c920732fd67,,User,bennett4@consolidatedmsgr.com,,,
2025-12-17 21:19,Update user,UserType,,,,,,,,,,,,UserManagement,30326704-d153-4dd5-883e-70835b44a986,Directory_30326704-d153-4dd5-883e-70835b44a986_3H3C5_153372721,,Stewart Reed3 Kim5,e53c9fc2-7f00-4e69-8487-6c95f3535dc7,,,,,,,,,,,,,,,,,Core Directory,Update,success,,,,16040d97-c0b3-43ad-8158-1c920732fd67,,User,bennett4@consolidatedmsgr.com,,,
2025-12-17 21:08,Update user,UserType,,,,,,,,,,,,UserManagement,6d5fae6a-5d13-490a-85c4-451e2f46eca0,Directory_6d5fae6a-5d13-490a-85c4-451e2f46eca0_FG0DO_6781511,,ConnectSyncProvisioning_Joan2-Jackson1_f0234657174f,67c682e9-8d2e-40f2-839d-d76814e0dc7a,,,,,,,,,,,,,,,,,Core Directory,Update,success,,,,16040d97-c0b3-43ad-8158-1c920732fd67,,User,bennett4@consolidatedmsgr.com,,,
2025-12-17 20:59,Update StsRefreshTokenValidFrom Timestamp,,,,,,,,,,,,,UserManagement,b3de82d3-2f29-4812-8e85-215a2910ebe8,Directory_b3de82d3-2f29-4812-8e85-215a2910ebe8_DF84G_54842302,,ConnectSyncProvisioning_Joan2-Jackson1_f0234657174f,67c682e9-8d2e-40f2-839d-d76814e0dc7a,,,,,,,,,,,,,,,,,Core Directory,Update,success,,,,16040d97-c0b3-43ad-8158-1c920732fd67,,User,bennett4@consolidatedmsgr.com,,,
2025-12-17 20:59,Change user password,,,,,,,,,,,,,UserManagement,b3de82d3-2f29-4812-8e85-215a2910ebe8,Directory_b3de82d3-2f29-4812-8e85-215a2910ebe8_DF84G_54842295,,ConnectSyncProvisioning_Joan2-Jackson1_f0234657174f,67c682e9-8d2e-40f2-839d-d76814e0dc7a,,,,,,,,,,,,,,,,,Core Directory,Update,success,,,,16040d97-c0b3-43ad-8158-1c920732fd67,,User,bennett4@consolidatedmsgr.com,,,
2025-12-17 20:59,Update PasswordProfile,,,,,,,,,,,,,UserManagement,b3de82d3-2f29-4812-8e85-215a2910ebe8,Directory_b3de82d3-2f29-4812-8e85-215a2910ebe8_DF84G_54842280,,ConnectSyncProvisioning_Joan2-Jackson1_f0234657174f,67c682e9-8d2e-40f2-839d-d76814e0dc7a,,,,,,,,,,,,,,,,,Core Directory,Update,success,,,,16040d97-c0b3-43ad-8158-1c920732fd67,,User,bennett4@consolidatedmsgr.com,,,
2025-12-17 20:19,Admin deleted security info,InitiatedFrom,ADIbizaUX (02692166-e62f-4a88-8677-5dea415c3259),,,,,,,,,,,UserManagement,04219d04-68d7-40c8-8419-1410a06f1c35,Authentication Methods_04219d04-68d7-40c8-8419-1410a06f1c35_MSZV5_96981006,02692166-e62f-4a88-8677-5dea415c3259,ADIbizaUX,,,,,,,,,,Admin,,,2600:1700:e420:d579:f272:19c:35c6:e87,263b1058-d2be-4326-8878-8ce79c878792,admin@consolidatedmsgr.microsoftonline.com,notAgentic,,Authentication Methods,ServiceApi,success,Admin required re-katherine4 of MFA authentication methods.,Taylor2 Nicholas,,16040d97-c0b3-43ad-8158-1c920732fd67,,User,bennett4@consolidatedmsgr.com,,"Mozilla/5.0, (Windows NT 10.0; Win64; x64), AppleWebKit/537.36, (KHTML, like Gecko), Chrome/142.0.0.206, Safari/537.36",
2025-12-17 20:19,Update user,UserType,,,,,,,,,,,,UserManagement,1e2c5ccc-4d56-44ba-8b92-47669cd7f846,Directory_1e2c5ccc-4d56-44ba-8b92-47669cd7f846_YS003_243474512,,Stewart Kathleen Christina Joseph2 Service,bcdd4eaf-cce1-4176-868b-2e45d2222da9,,,,,,,,,,,,,,,,,Core Directory,Update,success,,,,16040d97-c0b3-43ad-8158-1c920732fd67,,User,bennett4@consolidatedmsgr.com,,,
2025-12-17 20:19,Update user,UserType,,,,,,,,,,,,UserManagement,d2059759-0dd9-4860-884c-118349bd5669,Directory_d2059759-0dd9-4860-884c-118349bd5669_YS003_243472993,,Stewart Kathleen Christina Joseph2 Service,bcdd4eaf-cce1-4176-868b-2e45d2222da9,,,,,,,,,,,,,,,,,Core Directory,Update,success,,,,16040d97-c0b3-43ad-8158-1c920732fd67,,User,bennett4@consolidatedmsgr.com,,,
2025-12-17 20:19,Delete passwordless phone sign-in credential,AdditionalInfo,Successfully deleted key with identifier PK1HF++7v3AL1OwJTew9YczAip0JVS0Ju2WbyDuNkj8=.,,AAGuid,Unknown,,,,,,,,UserManagement,04219d04-68d7-40c8-8419-1410a06f1c35,Gregory Katherine4 Service_04219d04-68d7-40c8-8419-1410a06f1c35_FFTZW_1623658085,,,,,,,,,,,,,,,74.179.168.213,263b1058-d2be-4326-8878-8ce79c878792,,notAgentic,,Gregory Katherine4 Service,Delete,success,,,,16040d97-c0b3-43ad-8158-1c920732fd67,,User,,,CceWebApi/8.0.03219.2508,
2025-12-17 20:19,Update user,UserType,,,User-Collins,Microsoft.OData.Client/7.12.5,,,,,,,,UserManagement,6caac888-d986-4078-8224-f486445c5926,Directory_6caac888-d986-4078-8224-f486445c5926_YXX98_352904867,,Gregory Katherine4 Service,dfb9099f-01cd-4f59-81bd-9d18e09baff3,,,,,,,,,,,,,,,,,Core Directory,Update,success,,,,16040d97-c0b3-43ad-8158-1c920732fd67,,User,bennett4@consolidatedmsgr.com,,,
2025-12-17 20:18,Update user,UserType,,,User-Collins,O365AdminPortal,,,,,,,,UserManagement,1cee6b61-0985-483d-8081-6d4c20f11e73,Directory_1cee6b61-0985-483d-8081-6d4c20f11e73_KG2ST_497209640,,,,,,,,,,,,Samuel4 Richardson2 365 Tyler5,,,2603:1036:2405:1c80:3d2a:92dd:1b62:e2ec,263b1058-d2be-4326-8878-8ce79c878792,admin@consolidatedmsgr.microsoftonline.com,notAgentic,,Core Directory,Update,success,,,,16040d97-c0b3-43ad-8158-1c920732fd67,,User,bennett4@consolidatedmsgr.com,,,
2025-12-17 20:18,Update StsRefreshTokenValidFrom Timestamp,User-Collins,O365AdminPortal,,,,,,,,,,,UserManagement,1cee6b61-0985-483d-8081-6d4c20f11e73,Directory_1cee6b61-0985-483d-8081-6d4c20f11e73_KG2ST_497209622,,,,,,,,,,,,Samuel4 Richardson2 365 Tyler5,,,2603:1036:2405:1c80:3d2a:92dd:1b62:e2ec,263b1058-d2be-4326-8878-8ce79c878792,admin@consolidatedmsgr.microsoftonline.com,notAgentic,,Core Directory,Update,success,,,,16040d97-c0b3-43ad-8158-1c920732fd67,,User,bennett4@consolidatedmsgr.com,,,
2025-12-17 20:18,Update StsRefreshTokenValidFrom Timestamp,User-Collins,O365AdminPortal,,,,,,,,,,,UserManagement,0ed2f611-0feb-42ba-843a-042d58069ebf,Directory_0ed2f611-0feb-42ba-843a-042d58069ebf_KG2ST_497208286,,,,,,,,,,,,Samuel4 Richardson2 365 Tyler5,,,2603:1036:2405:1c80:3d2a:92dd:1b62:e2ec,263b1058-d2be-4326-8878-8ce79c878792,admin@consolidatedmsgr.microsoftonline.com,notAgentic,,Core Directory,Update,success,,,,16040d97-c0b3-43ad-8158-1c920732fd67,Microsoft.Graph.Beta.PowerShell.Models.IMicrosoftGraphModifiedProperty[],User,bennett4@consolidatedmsgr.com,,,
2025-12-17 20:18,Pamela3 user password,User-Collins,O365AdminPortal,,,,,,,,,,,UserManagement,0ed2f611-0feb-42ba-843a-042d58069ebf,Directory_0ed2f611-0feb-42ba-843a-042d58069ebf_KG2ST_497208278,,,,,,,,,,,,Samuel4 Richardson2 365 Tyler5,,,2603:1036:2405:1c80:3d2a:92dd:1b62:e2ec,263b1058-d2be-4326-8878-8ce79c878792,admin@consolidatedmsgr.microsoftonline.com,notAgentic,,Core Directory,Update,success,,,,16040d97-c0b3-43ad-8158-1c920732fd67,Microsoft.Graph.Beta.PowerShell.Models.IMicrosoftGraphModifiedProperty[],User,bennett4@consolidatedmsgr.com,,,
2025-12-17 20:18,Update PasswordProfile,User-Collins,O365AdminPortal,,,,,,,,,,,UserManagement,0ed2f611-0feb-42ba-843a-042d58069ebf,Directory_0ed2f611-0feb-42ba-843a-042d58069ebf_KG2ST_497207166,,,,,,,,,,,,Samuel4 Richardson2 365 Tyler5,,,2603:1036:2405:1c80:3d2a:92dd:1b62:e2ec,263b1058-d2be-4326-8878-8ce79c878792,admin@consolidatedmsgr.microsoftonline.com,notAgentic,,Core Directory,Update,success,,,,16040d97-c0b3-43ad-8158-1c920732fd67,,User,bennett4@consolidatedmsgr.com,,,
2025-12-17 20:18,Update user,UserType,,,User-Collins,O365AdminPortal,,,,,,,,UserManagement,0ed2f611-0feb-42ba-843a-042d58069ebf,Directory_0ed2f611-0feb-42ba-843a-042d58069ebf_KG2ST_497207127,,,,,,,,,,,,Samuel4 Richardson2 365 Tyler5,,,2603:1036:2405:1c80:3d2a:92dd:1b62:e2ec,263b1058-d2be-4326-8878-8ce79c878792,admin@consolidatedmsgr.microsoftonline.com,notAgentic,,Core Directory,Update,success,,,,16040d97-c0b3-43ad-8158-1c920732fd67,,User,bennett4@consolidatedmsgr.com,,,
2025-12-17 20:18,Update PasswordProfile,User-Collins,O365AdminPortal,,,,,,,,,,,UserManagement,0ed2f611-0feb-42ba-843a-042d58069ebf,Directory_0ed2f611-0feb-42ba-843a-042d58069ebf_KG2ST_497206414,,,,,,,,,,,,Samuel4 Richardson2 365 Tyler5,,,2603:1036:2405:1c80:3d2a:92dd:1b62:e2ec,263b1058-d2be-4326-8878-8ce79c878792,admin@consolidatedmsgr.microsoftonline.com,notAgentic,,Core Directory,Update,success,,,,16040d97-c0b3-43ad-8158-1c920732fd67,,User,bennett4@consolidatedmsgr.com,,,
2025-12-17 20:16,Enable account,,,,,,,,,,,,,UserManagement,7477e20e-9844-47ef-85c7-e06d52c76275,Directory_7477e20e-9844-47ef-85c7-e06d52c76275_3KRC3_6794804,,ConnectSyncProvisioning_Joan2-Jackson1_f0234657174f,67c682e9-8d2e-40f2-839d-d76814e0dc7a,,,,,,,,,,,,,,,,,Core Directory,Update,success,,,,16040d97-c0b3-43ad-8158-1c920732fd67,,User,bennett4@consolidatedmsgr.com,,,
2025-12-17 20:16,Update user,UserType,,,,,,,,,,,,UserManagement,7477e20e-9844-47ef-85c7-e06d52c76275,Directory_7477e20e-9844-47ef-85c7-e06d52c76275_3KRC3_6794796,,ConnectSyncProvisioning_Joan2-Jackson1_f0234657174f,67c682e9-8d2e-40f2-839d-d76814e0dc7a,,,,,,,,,,,,,,,,,Core Directory,Update,success,,,,16040d97-c0b3-43ad-8158-1c920732fd67,,User,bennett4@consolidatedmsgr.com,,,
2025-12-17 19:57,Update user,UserType,Member,,,,,,,,,,,UserManagement,d3343efe-97b4-400c-8b8e-693c3d6b9446,Directory_d3343efe-97b4-400c-8b8e-693c3d6b9446_QPBLL_394611540,,Samuel4 Janet6 Robert2,707ec55b-f09c-4af0-8afd-8a0bcf3e5a83,,,,,,,,,,,,,,,,,Core Directory,Update,success,,,,f9a62fe7-59eb-467a-848b-b0f4588e5386,,User,gutierrez2@consolidatedmsgr.com,,,
2025-12-17 19:55,Update user,UserType,,,User-Collins,O365AdminPortal,,,,,,,,UserManagement,8f2bbb14-642f-4e1f-8443-ec46888ddfc7,Directory_8f2bbb14-642f-4e1f-8443-ec46888ddfc7_SG0ZA_10659039,,,,,,,,,,,,Samuel4 Richardson2 365 Tyler5,,,2603:1036:2405:1c80:3d2a:92dd:1b62:e2ec,263b1058-d2be-4326-8878-8ce79c878792,admin@consolidatedmsgr.microsoftonline.com,notAgentic,,Core Directory,Update,success,,,,16040d97-c0b3-43ad-8158-1c920732fd67,,User,bennett4@consolidatedmsgr.com,,,
2025-12-17 19:55,Update StsRefreshTokenValidFrom Timestamp,User-Collins,O365AdminPortal,,,,,,,,,,,UserManagement,8f2bbb14-642f-4e1f-8443-ec46888ddfc7,Directory_8f2bbb14-642f-4e1f-8443-ec46888ddfc7_SG0ZA_10659030,,,,,,,,,,,,Samuel4 Richardson2 365 Tyler5,,,2603:1036:2405:1c80:3d2a:92dd:1b62:e2ec,263b1058-d2be-4326-8878-8ce79c878792,admin@consolidatedmsgr.microsoftonline.com,notAgentic,,Core Directory,Update,success,,,,16040d97-c0b3-43ad-8158-1c920732fd67,,User,bennett4@consolidatedmsgr.com,,,
2025-12-17 19:55,Update user,UserType,,,User-Collins,O365AdminPortal,,,,,,,,UserManagement,b5c30020-3f33-405c-8003-f569b5c2c0f0,Directory_b5c30020-3f33-405c-8003-f569b5c2c0f0_1AND6_221522514,,,,,,,,,,,,Samuel4 Richardson2 365 Tyler5,,,2603:1036:2405:1c80:3d2a:92dd:1b62:e2ec,263b1058-d2be-4326-8878-8ce79c878792,admin@consolidatedmsgr.microsoftonline.com,notAgentic,,Core Directory,Update,success,,,,16040d97-c0b3-43ad-8158-1c920732fd67,,User,bennett4@consolidatedmsgr.com,,,
2025-12-17 19:55,Disable account,User-Collins,O365AdminPortal,,,,,,,,,,,UserManagement,b5c30020-3f33-405c-8003-f569b5c2c0f0,Directory_b5c30020-3f33-405c-8003-f569b5c2c0f0_1AND6_221522506,,,,,,,,,,,,Samuel4 Richardson2 365 Tyler5,,,2603:1036:2405:1c80:3d2a:92dd:1b62:e2ec,263b1058-d2be-4326-8878-8ce79c878792,admin@consolidatedmsgr.microsoftonline.com,notAgentic,,Core Directory,Update,success,,,,16040d97-c0b3-43ad-8158-1c920732fd67,,User,bennett4@consolidatedmsgr.com,,,
2025-12-17 19:55,Update user,UserType,,,User-Collins,O365AdminPortal,,,,,,,,UserManagement,b2e78c13-dbc8-4d2c-85f5-787af979d0df,Directory_b2e78c13-dbc8-4d2c-85f5-787af979d0df_2AWAK_383761558,,,,,,,,,,,,Samuel4 Richardson2 365 Tyler5,,,2603:1036:2405:1c80:3d2a:92dd:1b62:e2ec,263b1058-d2be-4326-8878-8ce79c878792,admin@consolidatedmsgr.microsoftonline.com,notAgentic,,Core Directory,Update,success,,,,16040d97-c0b3-43ad-8158-1c920732fd67,,User,bennett4@consolidatedmsgr.com,,,
2025-12-17 19:55,Update StsRefreshTokenValidFrom Timestamp,User-Collins,O365AdminPortal,,,,,,,,,,,UserManagement,b2e78c13-dbc8-4d2c-85f5-787af979d0df,Directory_b2e78c13-dbc8-4d2c-85f5-787af979d0df_2AWAK_383761550,,,,,,,,,,,,Samuel4 Richardson2 365 Tyler5,,,2603:1036:2405:1c80:3d2a:92dd:1b62:e2ec,263b1058-d2be-4326-8878-8ce79c878792,admin@consolidatedmsgr.microsoftonline.com,notAgentic,,Core Directory,Update,success,,,,16040d97-c0b3-43ad-8158-1c920732fd67,,User,bennett4@consolidatedmsgr.com,,,
2025-12-17 19:54,Update user,UserType,,,User-Collins,"Mozilla/5.0 (Windows NT 10.0; Win64; x64) AppleWebKit/537.36 (KHTML, like Gecko) Chrome/142.0.0.206 Safari/537.36",,,,,,,,UserManagement,f5ffa7aa-ffc2-4be9-861d-fa6d415657ff,Directory_f5ffa7aa-ffc2-4be9-861d-fa6d415657ff_VU165_368446862,,,,,,,,,,,,,,,2600:1700:e420:d579:f272:19c:35c6:e87,263b1058-d2be-4326-8878-8ce79c878792,admin@consolidatedmsgr.microsoftonline.com,notAgentic,,Core Directory,Update,success,,,,16040d97-c0b3-43ad-8158-1c920732fd67,,User,bennett4@consolidatedmsgr.com,,,
2025-12-17 19:54,Update StsRefreshTokenValidFrom Timestamp,User-Collins,"Mozilla/5.0 (Windows NT 10.0; Win64; x64) AppleWebKit/537.36 (KHTML, like Gecko) Chrome/142.0.0.206 Safari/537.36",,,,,,,,,,,UserManagement,f5ffa7aa-ffc2-4be9-861d-fa6d415657ff,Directory_f5ffa7aa-ffc2-4be9-861d-fa6d415657ff_VU165_368446857,,,,,,,,,,,,,,,2600:1700:e420:d579:f272:19c:35c6:e87,263b1058-d2be-4326-8878-8ce79c878792,admin@consolidatedmsgr.microsoftonline.com,notAgentic,,Core Directory,Update,success,,,,16040d97-c0b3-43ad-8158-1c920732fd67,,User,bennett4@consolidatedmsgr.com,,,
2025-12-17 19:51,Set Company Jerry2,User-Collins,O365AdminPortal,,,,,,,,,,,DirectoryManagement,2e8630fb-5d68-4edb-8932-3205a17fc1e3,Directory_2e8630fb-5d68-4edb-8932-3205a17fc1e3_7UZSI_293713265,,Samuel4 Richardson2 365 Tyler5,52c8eb53-7c9f-431c-8357-890a62dd4f52,,,,,,,,,,,,,,,,,Core Directory,Update,success,,Consolidatedmsgr,,9fc57536-e8d3-4117-8537-fc27bc714352,,Directory,,,,
2025-12-17 19:50,Update user,UserType,,,,,,,,,,,,UserManagement,18b48eab-4702-4333-8097-ecfe244f3efa,Directory_18b48eab-4702-4333-8097-ecfe244f3efa_PQAA6_272376152,,Stewart Reed3 Kim5,e53c9fc2-7f00-4e69-8487-6c95f3535dc7,,,,,,,,,,,,,,,,,Core Directory,Update,success,,,,263b1058-d2be-4326-8878-8ce79c878792,,User,admin@consolidatedmsgr.microsoftonline.com,,,
2025-12-17 19:21,Update user,UserType,Member,,,,,,,,,,,UserManagement,a0f6f889-dd3d-462e-8654-4410a31a3ffd,Directory_a0f6f889-dd3d-462e-8654-4410a31a3ffd_NNFRP_29123156,,ConnectSyncProvisioning_Joan2-Jackson1_f0234657174f,67c682e9-8d2e-40f2-839d-d76814e0dc7a,,,,,,,,,,,,,,,,,Core Directory,Update,success,,,,6a62563f-3db3-4095-8af2-60bb41bf15ac,,User,jackson2@consolidatedmsgr.com,,,
2025-12-17 19:12,Update user,UserType,Member,,,,,,,,,,,UserManagement,1c16ecde-0da5-4228-813f-47537df376a1,Directory_1c16ecde-0da5-4228-813f-47537df376a1_7UZSI_285944256,,Richardson2 365 SharePoint Cruz2,fd92cc21-f7aa-41a5-80e9-04f5f6f0fe2a,,,,,,,,,,,,,,,,,Core Directory,Update,success,,,,5301bb9d-3a21-4b05-86ad-998696110869,,User,reyes@consolidatedmsgr.com,,,
2025-12-17 19:12,Update user,UserType,Member,,,,,,,,,,,UserManagement,1c16ecde-0da5-4228-813f-47537df376a1,Directory_1c16ecde-0da5-4228-813f-47537df376a1_7UZSI_285944215,,Richardson2 365 SharePoint Cruz2,fd92cc21-f7aa-41a5-80e9-04f5f6f0fe2a,,,,,,,,,,,,,,,,,Core Directory,Update,success,,,,5301bb9d-3a21-4b05-86ad-998696110869,,User,reyes@consolidatedmsgr.com,,,
2025-12-17 19:10,Update user,UserType,Member,,,,,,,,,,,UserManagement,dd1cda84-39b3-4f29-8066-46d33c035437,Directory_dd1cda84-39b3-4f29-8066-46d33c035437_LX2X0_354882914,,Stewart Reed3 Kim5,e53c9fc2-7f00-4e69-8487-6c95f3535dc7,,,,,,,,,,,,,,,,,Core Directory,Update,success,,,,5301bb9d-3a21-4b05-86ad-998696110869,,User,reyes@consolidatedmsgr.com,,,
2025-12-17 19:07,Update StsRefreshTokenValidFrom Timestamp,,,,,,,,,,,,,UserManagement,d9bd3a0b-8479-4d0a-8720-a3846b6ecbbe,Directory_d9bd3a0b-8479-4d0a-8720-a3846b6ecbbe_VXB7S_1021418,,ConnectSyncProvisioning_Joan2-Jackson1_f0234657174f,67c682e9-8d2e-40f2-839d-d76814e0dc7a,,,,,,,,,,,,,,,,,Core Directory,Update,success,,,,6a62563f-3db3-4095-8af2-60bb41bf15ac,,User,jackson2@consolidatedmsgr.com,,,
2025-12-17 19:07,Change user password,,,,,,,,,,,,,UserManagement,d9bd3a0b-8479-4d0a-8720-a3846b6ecbbe,Directory_d9bd3a0b-8479-4d0a-8720-a3846b6ecbbe_VXB7S_1021401,,ConnectSyncProvisioning_Joan2-Jackson1_f0234657174f,67c682e9-8d2e-40f2-839d-d76814e0dc7a,,,,,,,,,,,,,,,,,Core Directory,Update,success,,,,6a62563f-3db3-4095-8af2-60bb41bf15ac,,User,jackson2@consolidatedmsgr.com,,,
2025-12-17 19:07,Update PasswordProfile,,,,,,,,,,,,,UserManagement,d9bd3a0b-8479-4d0a-8720-a3846b6ecbbe,Directory_d9bd3a0b-8479-4d0a-8720-a3846b6ecbbe_VXB7S_1021338,,ConnectSyncProvisioning_Joan2-Jackson1_f0234657174f,67c682e9-8d2e-40f2-839d-d76814e0dc7a,,,,,,,,,,,,,,,,,Core Directory,Update,success,,,,6a62563f-3db3-4095-8af2-60bb41bf15ac,,User,jackson2@consolidatedmsgr.com,,,
2025-12-17 18:53,Update user,UserType,,,,,,,,,,,,UserManagement,01136665-f189-4668-8632-4880e2977676,Directory_01136665-f189-4668-8632-4880e2977676_KKWWJ_238537247,,Stewart Reed3 Kim5,e53c9fc2-7f00-4e69-8487-6c95f3535dc7,,,,,,,,,,,,,,,,,Core Directory,Update,success,,,,16040d97-c0b3-43ad-8158-1c920732fd67,,User,bennett4@consolidatedmsgr.com,,,
2025-12-17 18:51,Update user,UserType,Member,,,,,,,,,,,UserManagement,e38985ec-187b-49de-80a6-218e727e89ea,Directory_e38985ec-187b-49de-80a6-218e727e89ea_2I503_23078190,,ConnectSyncProvisioning_Joan2-Jackson1_f0234657174f,67c682e9-8d2e-40f2-839d-d76814e0dc7a,,,,,,,,,,,,,,,,,Core Directory,Update,success,,,,a5f489b5-7396-458b-85f1-8a15b5c0b315,,User,garcia2@consolidatedmsgr.com,,,
2025-12-17 18:44,Update user,UserType,Member,,,,,,,,,,,UserManagement,dc268380-1198-4989-8614-fbcf2f2bcdd0,Directory_dc268380-1198-4989-8614-fbcf2f2bcdd0_3Y7IE_277611011,,Stewart Reed3 Kim5,e53c9fc2-7f00-4e69-8487-6c95f3535dc7,,,,,,,,,,,,,,,,,Core Directory,Update,success,,,,a5f489b5-7396-458b-85f1-8a15b5c0b315,,User,garcia2@consolidatedmsgr.com,,,
2025-12-17 18:43,Update StsRefreshTokenValidFrom Timestamp,,,,,,,,,,,,,UserManagement,30859f61-6dd7-4c99-81b3-b59bff495f8a,Directory_30859f61-6dd7-4c99-81b3-b59bff495f8a_4VU9V_25878044,,ConnectSyncProvisioning_Joan2-Jackson1_f0234657174f,67c682e9-8d2e-40f2-839d-d76814e0dc7a,,,,,,,,,,,,,,,,,Core Directory,Update,success,,,,a5f489b5-7396-458b-85f1-8a15b5c0b315,,User,garcia2@consolidatedmsgr.com,,,
2025-12-17 18:43,Change user password,,,,,,,,,,,,,UserManagement,30859f61-6dd7-4c99-81b3-b59bff495f8a,Directory_30859f61-6dd7-4c99-81b3-b59bff495f8a_4VU9V_25878037,,ConnectSyncProvisioning_Joan2-Jackson1_f0234657174f,67c682e9-8d2e-40f2-839d-d76814e0dc7a,,,,,,,,,,,,,,,,,Core Directory,Update,success,,,,a5f489b5-7396-458b-85f1-8a15b5c0b315,,User,garcia2@consolidatedmsgr.com,,,
2025-12-17 18:43,Update PasswordProfile,,,,,,,,,,,,,UserManagement,30859f61-6dd7-4c99-81b3-b59bff495f8a,Directory_30859f61-6dd7-4c99-81b3-b59bff495f8a_4VU9V_25877922,,ConnectSyncProvisioning_Joan2-Jackson1_f0234657174f,67c682e9-8d2e-40f2-839d-d76814e0dc7a,,,,,,,,,,,,,,,,,Core Directory,Update,success,,,,a5f489b5-7396-458b-85f1-8a15b5c0b315,,User,garcia2@consolidatedmsgr.com,,,
2025-12-17 18:42,White password (self-service),OnPremisesAgent,AADConnect,,,,,,,,,,,UserManagement,373a6dac-b769-4f4e-839f-8e4ac6aefbda,SSPR_373a6dac-b769-4f4e-839f-8e4ac6aefbda_F12HN_9028818,,,,,,,,,,,,,,,,a5f489b5-7396-458b-85f1-8a15b5c0b315,garcia2@consolidatedmsgr.com,notAgentic,,Self-service Password Robert2,Update,success,OnPremisesSuccessCloudFailure,Tyler3 Stephanie3,,a5f489b5-7396-458b-85f1-8a15b5c0b315,Microsoft.Graph.Beta.PowerShell.Models.IMicrosoftGraphModifiedProperty[],User,garcia2@consolidatedmsgr.com,,,
2025-12-17 18:42,Update StsRefreshTokenValidFrom Timestamp,,,,,,,,,,,,,UserManagement,b37c394a-615e-4616-86f2-8aff372cbed5,Directory_b37c394a-615e-4616-86f2-8aff372cbed5_QX4B8_349364564,,Samuel4 james7 pamela3 service,ae67ee44-2f45-4185-8829-7a2673853daa,,,,,,,,,,,,,,,,,Core Directory,Update,failure,Microsoft.Online.Workflows.IncorrectPasswordException,,,a5f489b5-7396-458b-85f1-8a15b5c0b315,,User,garcia2@consolidatedmsgr.com,,,
2025-12-17 18:42,Change user password,,,,,,,,,,,,,UserManagement,b37c394a-615e-4616-86f2-8aff372cbed5,Directory_b37c394a-615e-4616-86f2-8aff372cbed5_QX4B8_349364556,,Samuel4 james7 pamela3 service,ae67ee44-2f45-4185-8829-7a2673853daa,,,,,,,,,,,,,,,,,Core Directory,Update,failure,Microsoft.Online.Workflows.IncorrectPasswordException,,,a5f489b5-7396-458b-85f1-8a15b5c0b315,,User,garcia2@consolidatedmsgr.com,,,
2025-12-17 18:39,White password (self-service),ErrorEventId,33007,,ErrorMessage,"Baker5 Engine returned an error hr=8023061A, message=The password given does not specify the user's current password.",,OnPremisesAgent,AADConnect,,,,,UserManagement,c4aa1b80-0a38-4752-84a8-63e6874a4c2f,SSPR_c4aa1b80-0a38-4752-84a8-63e6874a4c2f_569ML_8502131,,,,,,,,,,,,,,,,a5f489b5-7396-458b-85f1-8a15b5c0b315,garcia2@consolidatedmsgr.com,notAgentic,,Self-service Password Robert2,Update,failure,UserIncorrectPassword,Tyler3 Stephanie3,,a5f489b5-7396-458b-85f1-8a15b5c0b315,Microsoft.Graph.Beta.PowerShell.Models.IMicrosoftGraphModifiedProperty[],User,garcia2@consolidatedmsgr.com,,,
2025-12-17 18:33,Update user,UserType,,,,,,,,,,,,UserManagement,5d57f64e-08d6-4b33-8ac0-0ca89d6bd597,Directory_5d57f64e-08d6-4b33-8ac0-0ca89d6bd597_L88GI_374813825,,Stewart Reed3 Kim5,e53c9fc2-7f00-4e69-8487-6c95f3535dc7,,,,,,,,,,,,,,,,,Core Directory,Update,success,,,,16040d97-c0b3-43ad-8158-1c920732fd67,,User,bennett4@consolidatedmsgr.com,,,
2025-12-17 18:30,Validate user authentication,targetTenant,538835a7-5878-4c75-8c10-792210402dee,,targetEntityType,None,,actorIdentityType,UPN,,RequestId,abce86de-5d23-4918-8402-469afe77ddb2,,Authentication,abce86de-5d23-4918-8402-469afe77ddb2,B2C_abce86de-5d23-4918-8402-469afe77ddb2_9fc57536-e8d3-4117-8537-fc27bc714352_134078778225881340,,,,,,,,,,,,admin@consolidatedmsgr.microsoftonline.com,,,20.190.152.89,263b1058-d2be-4326-8878-8ce79c878792,admin@consolidatedmsgr.microsoftonline.com,notAgentic,,B2C,Read,success,Token is valid,538835a7-5878-4c75-8c10-792210402dee,,,Microsoft.Graph.Beta.PowerShell.Models.IMicrosoftGraphModifiedProperty[],Other,,,"Mozilla/5.0 (Windows NT 10.0; Win64; x64) AppleWebKit/537.36 (KHTML, like Gecko) Chrome/142.0.0.206 Safari/537.36",
2025-12-17 18:29,Update user,UserType,,,,,,,,,,,,UserManagement,c65c8e1a-8f59-4ab4-86ea-073c82765165,Directory_c65c8e1a-8f59-4ab4-86ea-073c82765165_OTBLZ_456445347,,Stewart Reed3 Kim5,e53c9fc2-7f00-4e69-8487-6c95f3535dc7,,,,,,,,,,,,,,,,,Core Directory,Update,success,,,,263b1058-d2be-4326-8878-8ce79c878792,,User,admin@consolidatedmsgr.microsoftonline.com,,,
2025-12-17 18:26,Update user,UserType,Member,,,,,,,,,,,UserManagement,95701cbd-b39a-458a-85b5-06a0396b20ce,Directory_95701cbd-b39a-458a-85b5-06a0396b20ce_JE40G_279042421,,Stewart Reed3 Kim5,e53c9fc2-7f00-4e69-8487-6c95f3535dc7,,,,,,,,,,,,,,,,,Core Directory,Update,success,,,,376696f4-577b-46f9-817f-1d7bc337db28,,User,samantha@consolidatedmsgr.com,,,
2025-12-17 18:21,Update user,UserType,Member,,,,,,,,,,,UserManagement,4ed86272-fd3a-463f-8528-d0cf4902adaf,Directory_4ed86272-fd3a-463f-8528-d0cf4902adaf_D5GR5_17749643,,ConnectSyncProvisioning_Joan2-Jackson1_f0234657174f,67c682e9-8d2e-40f2-839d-d76814e0dc7a,,,,,,,,,,,,,,,,,Core Directory,Update,success,,,,376696f4-577b-46f9-817f-1d7bc337db28,,User,samantha@consolidatedmsgr.com,,,
2025-12-17 18:19,Update StsRefreshTokenValidFrom Timestamp,,,,,,,,,,,,,UserManagement,f21ab1c6-b54d-4bdc-8e68-3e5a82ac2df5,Directory_f21ab1c6-b54d-4bdc-8e68-3e5a82ac2df5_4VU9V_25068339,,ConnectSyncProvisioning_Joan2-Jackson1_f0234657174f,67c682e9-8d2e-40f2-839d-d76814e0dc7a,,,,,,,,,,,,,,,,,Core Directory,Update,success,,,,376696f4-577b-46f9-817f-1d7bc337db28,,User,samantha@consolidatedmsgr.com,,,
2025-12-17 18:19,Change user password,,,,,,,,,,,,,UserManagement,f21ab1c6-b54d-4bdc-8e68-3e5a82ac2df5,Directory_f21ab1c6-b54d-4bdc-8e68-3e5a82ac2df5_4VU9V_25068332,,ConnectSyncProvisioning_Joan2-Jackson1_f0234657174f,67c682e9-8d2e-40f2-839d-d76814e0dc7a,,,,,,,,,,,,,,,,,Core Directory,Update,success,,,,376696f4-577b-46f9-817f-1d7bc337db28,,User,samantha@consolidatedmsgr.com,,,
2025-12-17 18:19,Update PasswordProfile,,,,,,,,,,,,,UserManagement,f21ab1c6-b54d-4bdc-8e68-3e5a82ac2df5,Directory_f21ab1c6-b54d-4bdc-8e68-3e5a82ac2df5_4VU9V_25068289,,ConnectSyncProvisioning_Joan2-Jackson1_f0234657174f,67c682e9-8d2e-40f2-839d-d76814e0dc7a,,,,,,,,,,,,,,,,,Core Directory,Update,success,,,,376696f4-577b-46f9-817f-1d7bc337db28,,User,samantha@consolidatedmsgr.com,,,
2025-12-17 18:16,White password (self-service),ErrorEventId,33007,,ErrorMessage,"Baker5 Engine returned an error hr=8023061A, message=The password given does not specify the user's current password.",,OnPremisesAgent,AADConnect,,,,,UserManagement,24c10112-c79d-4590-884a-154afde134b5,SSPR_24c10112-c79d-4590-884a-154afde134b5_SC009_520934,,,,,,,,,,,,,,,,a5f489b5-7396-458b-85f1-8a15b5c0b315,garcia2@consolidatedmsgr.com,notAgentic,,Self-service Password Robert2,Update,failure,UserIncorrectPassword,Tyler3 Stephanie3,,a5f489b5-7396-458b-85f1-8a15b5c0b315,Microsoft.Graph.Beta.PowerShell.Models.IMicrosoftGraphModifiedProperty[],User,garcia2@consolidatedmsgr.com,,,
2025-12-17 18:15,White password (self-service),ErrorEventId,33008,,ErrorMessage,"Baker5 Engine returned an error hr=80230619, message=A restriction prevents the password from being changed to the current evelyn2 specified.",,OnPremisesAgent,AADConnect,,,,,UserManagement,24c10112-c79d-4590-884a-154afde134b5,SSPR_24c10112-c79d-4590-884a-154afde134b5_YYME4_68010138,,,,,,,,,,,,,,,,a5f489b5-7396-458b-85f1-8a15b5c0b315,garcia2@consolidatedmsgr.com,notAgentic,,Self-service Password Robert2,Update,failure,PasswordPolicyError,Tyler3 Stephanie3,,a5f489b5-7396-458b-85f1-8a15b5c0b315,Microsoft.Graph.Beta.PowerShell.Models.IMicrosoftGraphModifiedProperty[],User,garcia2@consolidatedmsgr.com,,,
2025-12-17 18:14,White password (self-service),ErrorEventId,33007,,ErrorMessage,"Baker5 Engine returned an error hr=8023061A, message=The password given does not specify the user's current password.",,OnPremisesAgent,AADConnect,,,,,UserManagement,24c10112-c79d-4590-884a-154afde134b5,SSPR_24c10112-c79d-4590-884a-154afde134b5_KDREH_7731510,,,,,,,,,,,,,,,,a5f489b5-7396-458b-85f1-8a15b5c0b315,garcia2@consolidatedmsgr.com,notAgentic,,Self-service Password Robert2,Update,failure,UserIncorrectPassword,Tyler3 Stephanie3,,a5f489b5-7396-458b-85f1-8a15b5c0b315,Microsoft.Graph.Beta.PowerShell.Models.IMicrosoftGraphModifiedProperty[],User,garcia2@consolidatedmsgr.com,,,
2025-12-17 18:14,White password (self-service),ErrorEventId,33007,,ErrorMessage,"Baker5 Engine returned an error hr=8023061A, message=The password given does not specify the user's current password.",,OnPremisesAgent,AADConnect,,,,,UserManagement,24c10112-c79d-4590-884a-154afde134b5,SSPR_24c10112-c79d-4590-884a-154afde134b5_AS1IQ_71017166,,,,,,,,,,,,,,,,a5f489b5-7396-458b-85f1-8a15b5c0b315,garcia2@consolidatedmsgr.com,notAgentic,,Self-service Password Robert2,Update,failure,UserIncorrectPassword,Tyler3 Stephanie3,,a5f489b5-7396-458b-85f1-8a15b5c0b315,Microsoft.Graph.Beta.PowerShell.Models.IMicrosoftGraphModifiedProperty[],User,garcia2@consolidatedmsgr.com,,,
2025-12-17 18:13,White password (self-service),ErrorEventId,33007,,ErrorMessage,"Baker5 Engine returned an error hr=8023061A, message=The password given does not specify the user's current password.",,OnPremisesAgent,AADConnect,,,,,UserManagement,24c10112-c79d-4590-884a-154afde134b5,SSPR_24c10112-c79d-4590-884a-154afde134b5_13DZZ_65384259,,,,,,,,,,,,,,,,a5f489b5-7396-458b-85f1-8a15b5c0b315,garcia2@consolidatedmsgr.com,notAgentic,,Self-service Password Robert2,Update,failure,UserIncorrectPassword,Tyler3 Stephanie3,,a5f489b5-7396-458b-85f1-8a15b5c0b315,Microsoft.Graph.Beta.PowerShell.Models.IMicrosoftGraphModifiedProperty[],User,garcia2@consolidatedmsgr.com,,,
2025-12-17 18:10,Update user,UserType,Member,,,,,,,,,,,UserManagement,66d227ab-378a-431b-824c-6fb9a688d6f7,Directory_66d227ab-378a-431b-824c-6fb9a688d6f7_QPGKW_431921139,,Stewart Reed3 Kim5,e53c9fc2-7f00-4e69-8487-6c95f3535dc7,,,,,,,,,,,,,,,,,Core Directory,Update,success,,,,b86bbc68-d3e3-4b05-8fce-3ace3310c5fc,,User,kenneth2@consolidatedmsgr.com,,,
2025-12-17 18:04,White password (self-service),ErrorEventId,33007,,ErrorMessage,"Baker5 Engine returned an error hr=8023061A, message=The password given does not specify the user's current password.",,OnPremisesAgent,AADConnect,,,,,UserManagement,24c10112-c79d-4590-884a-154afde134b5,SSPR_24c10112-c79d-4590-884a-154afde134b5_DXC2G_55592785,,,,,,,,,,,,,,,,a5f489b5-7396-458b-85f1-8a15b5c0b315,garcia2@consolidatedmsgr.com,notAgentic,,Self-service Password Robert2,Update,failure,UserIncorrectPassword,Tyler3 Stephanie3,,a5f489b5-7396-458b-85f1-8a15b5c0b315,Microsoft.Graph.Beta.PowerShell.Models.IMicrosoftGraphModifiedProperty[],User,garcia2@consolidatedmsgr.com,,,
2025-12-17 18:03,White password (self-service),ErrorEventId,33007,,ErrorMessage,"Baker5 Engine returned an error hr=8023061A, message=The password given does not specify the user's current password.",,OnPremisesAgent,AADConnect,,,,,UserManagement,24c10112-c79d-4590-884a-154afde134b5,SSPR_24c10112-c79d-4590-884a-154afde134b5_PZFLG_79626784,,,,,,,,,,,,,,,,a5f489b5-7396-458b-85f1-8a15b5c0b315,garcia2@consolidatedmsgr.com,notAgentic,,Self-service Password Robert2,Update,failure,UserIncorrectPassword,Tyler3 Stephanie3,,a5f489b5-7396-458b-85f1-8a15b5c0b315,Microsoft.Graph.Beta.PowerShell.Models.IMicrosoftGraphModifiedProperty[],User,garcia2@consolidatedmsgr.com,,,
2025-12-17 18:03,White password (self-service),ErrorEventId,33007,,ErrorMessage,"Baker5 Engine returned an error hr=8023061A, message=The password given does not specify the user's current password.",,OnPremisesAgent,AADConnect,,,,,UserManagement,24c10112-c79d-4590-884a-154afde134b5,SSPR_24c10112-c79d-4590-884a-154afde134b5_7HE9K_26852654,,,,,,,,,,,,,,,,a5f489b5-7396-458b-85f1-8a15b5c0b315,garcia2@consolidatedmsgr.com,notAgentic,,Self-service Password Robert2,Update,failure,UserIncorrectPassword,Tyler3 Stephanie3,,a5f489b5-7396-458b-85f1-8a15b5c0b315,Microsoft.Graph.Beta.PowerShell.Models.IMicrosoftGraphModifiedProperty[],User,garcia2@consolidatedmsgr.com,,,
2025-12-17 18:03,White password (self-service),ErrorEventId,33007,,ErrorMessage,"Baker5 Engine returned an error hr=8023061A, message=The password given does not specify the user's current password.",,OnPremisesAgent,AADConnect,,,,,UserManagement,24c10112-c79d-4590-884a-154afde134b5,SSPR_24c10112-c79d-4590-884a-154afde134b5_YZVML_7277411,,,,,,,,,,,,,,,,a5f489b5-7396-458b-85f1-8a15b5c0b315,garcia2@consolidatedmsgr.com,notAgentic,,Self-service Password Robert2,Update,failure,UserIncorrectPassword,Tyler3 Stephanie3,,a5f489b5-7396-458b-85f1-8a15b5c0b315,Microsoft.Graph.Beta.PowerShell.Models.IMicrosoftGraphModifiedProperty[],User,garcia2@consolidatedmsgr.com,,,
2025-12-17 18:02,White password (self-service),ErrorEventId,33007,,ErrorMessage,"Baker5 Engine returned an error hr=8023061A, message=The password given does not specify the user's current password.",,OnPremisesAgent,AADConnect,,,,,UserManagement,24c10112-c79d-4590-884a-154afde134b5,SSPR_24c10112-c79d-4590-884a-154afde134b5_YG7T4_53375293,,,,,,,,,,,,,,,,a5f489b5-7396-458b-85f1-8a15b5c0b315,garcia2@consolidatedmsgr.com,notAgentic,,Self-service Password Robert2,Update,failure,UserIncorrectPassword,Tyler3 Stephanie3,,a5f489b5-7396-458b-85f1-8a15b5c0b315,Microsoft.Graph.Beta.PowerShell.Models.IMicrosoftGraphModifiedProperty[],User,garcia2@consolidatedmsgr.com,,,
2025-12-17 18:00,Update user,UserType,Member,,User-Collins,O365AdminPortal,,,,,,,,UserManagement,9e7d7900-bba8-4451-822a-ec35897deeff,Directory_9e7d7900-bba8-4451-822a-ec35897deeff_UPIMV_74593605,,,,,,,,,,,,Samuel4 Richardson2 365 Tyler5,,,2603:1036:2403:6b4b:99bf:ed40:a492:af87,263b1058-d2be-4326-8878-8ce79c878792,admin@consolidatedmsgr.microsoftonline.com,notAgentic,,Core Directory,Update,success,,,,a5f489b5-7396-458b-85f1-8a15b5c0b315,,User,garcia2@consolidatedmsgr.com,,,
2025-12-17 18:00,Update StsRefreshTokenValidFrom Timestamp,User-Collins,O365AdminPortal,,,,,,,,,,,UserManagement,9e7d7900-bba8-4451-822a-ec35897deeff,Directory_9e7d7900-bba8-4451-822a-ec35897deeff_UPIMV_74593590,,,,,,,,,,,,Samuel4 Richardson2 365 Tyler5,,,2603:1036:2403:6b4b:99bf:ed40:a492:af87,263b1058-d2be-4326-8878-8ce79c878792,admin@consolidatedmsgr.microsoftonline.com,notAgentic,,Core Directory,Update,success,,,,a5f489b5-7396-458b-85f1-8a15b5c0b315,,User,garcia2@consolidatedmsgr.com,,,
2025-12-17 18:00,Update StsRefreshTokenValidFrom Timestamp,User-Collins,O365AdminPortal,,,,,,,,,,,UserManagement,e50c5f95-9bd3-4d63-8c18-809efa4cd3bc,Directory_e50c5f95-9bd3-4d63-8c18-809efa4cd3bc_1LCKE_118195619,,,,,,,,,,,,Samuel4 Richardson2 365 Tyler5,,,2603:1036:2403:6b4b:99bf:ed40:a492:af87,263b1058-d2be-4326-8878-8ce79c878792,admin@consolidatedmsgr.microsoftonline.com,notAgentic,,Core Directory,Update,success,,,,a5f489b5-7396-458b-85f1-8a15b5c0b315,Microsoft.Graph.Beta.PowerShell.Models.IMicrosoftGraphModifiedProperty[],User,garcia2@consolidatedmsgr.com,,,
2025-12-17 18:00,Pamela3 user password,User-Collins,O365AdminPortal,,,,,,,,,,,UserManagement,e50c5f95-9bd3-4d63-8c18-809efa4cd3bc,Directory_e50c5f95-9bd3-4d63-8c18-809efa4cd3bc_1LCKE_118195610,,,,,,,,,,,,Samuel4 Richardson2 365 Tyler5,,,2603:1036:2403:6b4b:99bf:ed40:a492:af87,263b1058-d2be-4326-8878-8ce79c878792,admin@consolidatedmsgr.microsoftonline.com,notAgentic,,Core Directory,Update,success,,,,a5f489b5-7396-458b-85f1-8a15b5c0b315,Microsoft.Graph.Beta.PowerShell.Models.IMicrosoftGraphModifiedProperty[],User,garcia2@consolidatedmsgr.com,,,
2025-12-17 18:00,Update PasswordProfile,User-Collins,O365AdminPortal,,,,,,,,,,,UserManagement,e50c5f95-9bd3-4d63-8c18-809efa4cd3bc,Directory_e50c5f95-9bd3-4d63-8c18-809efa4cd3bc_1LCKE_118194911,,,,,,,,,,,,Samuel4 Richardson2 365 Tyler5,,,2603:1036:2403:6b4b:99bf:ed40:a492:af87,263b1058-d2be-4326-8878-8ce79c878792,admin@consolidatedmsgr.microsoftonline.com,notAgentic,,Core Directory,Update,success,,,,a5f489b5-7396-458b-85f1-8a15b5c0b315,,User,garcia2@consolidatedmsgr.com,,,
2025-12-17 18:00,Update user,UserType,Member,,User-Collins,O365AdminPortal,,,,,,,,UserManagement,e50c5f95-9bd3-4d63-8c18-809efa4cd3bc,Directory_e50c5f95-9bd3-4d63-8c18-809efa4cd3bc_1LCKE_118194887,,,,,,,,,,,,Samuel4 Richardson2 365 Tyler5,,,2603:1036:2403:6b4b:99bf:ed40:a492:af87,263b1058-d2be-4326-8878-8ce79c878792,admin@consolidatedmsgr.microsoftonline.com,notAgentic,,Core Directory,Update,success,,,,a5f489b5-7396-458b-85f1-8a15b5c0b315,,User,garcia2@consolidatedmsgr.com,,,
2025-12-17 18:00,Update PasswordProfile,User-Collins,O365AdminPortal,,,,,,,,,,,UserManagement,e50c5f95-9bd3-4d63-8c18-809efa4cd3bc,Directory_e50c5f95-9bd3-4d63-8c18-809efa4cd3bc_1LCKE_118194135,,,,,,,,,,,,Samuel4 Richardson2 365 Tyler5,,,2603:1036:2403:6b4b:99bf:ed40:a492:af87,263b1058-d2be-4326-8878-8ce79c878792,admin@consolidatedmsgr.microsoftonline.com,notAgentic,,Core Directory,Update,success,,,,a5f489b5-7396-458b-85f1-8a15b5c0b315,,User,garcia2@consolidatedmsgr.com,,,
2025-12-17 17:48,Self-service password pamela3 flow activity progress,,,,,,,,,,,,,UserManagement,e1866d24-83b7-4596-80a4-3c6eeeacd8d1,SSPR_e1866d24-83b7-4596-80a4-3c6eeeacd8d1_7DY68_22337460,,,,,,,,,,,,,,,198.150.12.28,a5f489b5-7396-458b-85f1-8a15b5c0b315,garcia2@consolidatedmsgr.com,notAgentic,,Self-service Password Robert2,Update,failure,Password pamela3 is not enabled for this user. Enable password pamela3 under the ashley tab to resolve this,Tyler3 Stephanie3,,a5f489b5-7396-458b-85f1-8a15b5c0b315,Microsoft.Graph.Beta.PowerShell.Models.IMicrosoftGraphModifiedProperty[],User,garcia2@consolidatedmsgr.com,,"Mozilla/5.0 (Windows NT 10.0; Win64; x64) AppleWebKit/537.36 (KHTML, like Gecko) Chrome/142.0.0.206 Safari/537.36",
2025-12-17 17:48,Self-service password pamela3 flow activity progress,,,,,,,,,,,,,UserManagement,e1866d24-83b7-4596-80a4-3c6eeeacd8d1,SSPR_e1866d24-83b7-4596-80a4-3c6eeeacd8d1_7DY68_22337446,,,,,,,,,,,,,,,198.150.12.28,a5f489b5-7396-458b-85f1-8a15b5c0b315,garcia2@consolidatedmsgr.com,notAgentic,,Self-service Password Robert2,Update,success,User submitted their user ID,Tyler3 Stephanie3,,a5f489b5-7396-458b-85f1-8a15b5c0b315,Microsoft.Graph.Beta.PowerShell.Models.IMicrosoftGraphModifiedProperty[],User,garcia2@consolidatedmsgr.com,,"Mozilla/5.0 (Windows NT 10.0; Win64; x64) AppleWebKit/537.36 (KHTML, like Gecko) Chrome/142.0.0.206 Safari/537.36",
2025-12-17 17:47,Self-service password pamela3 flow activity progress,,,,,,,,,,,,,UserManagement,a48f175a-f515-4949-80b9-a5e18a4da84e,SSPR_a48f175a-f515-4949-80b9-a5e18a4da84e_NETET_9054882,,,,,,,,,,,,,,,198.150.12.28,a5f489b5-7396-458b-85f1-8a15b5c0b315,garcia2@consolidatedmsgr.com,notAgentic,,Self-service Password Robert2,Update,failure,Password pamela3 is not enabled for this user. Enable password pamela3 under the ashley tab to resolve this,Tyler3 Stephanie3,,a5f489b5-7396-458b-85f1-8a15b5c0b315,Microsoft.Graph.Beta.PowerShell.Models.IMicrosoftGraphModifiedProperty[],User,garcia2@consolidatedmsgr.com,,"Mozilla/5.0 (Windows NT 10.0; Win64; x64) AppleWebKit/537.36 (KHTML, like Gecko) Chrome/142.0.0.206 Safari/537.36",
2025-12-17 17:47,Self-service password pamela3 flow activity progress,,,,,,,,,,,,,UserManagement,a48f175a-f515-4949-80b9-a5e18a4da84e,SSPR_a48f175a-f515-4949-80b9-a5e18a4da84e_NETET_9054868,,,,,,,,,,,,,,,198.150.12.28,a5f489b5-7396-458b-85f1-8a15b5c0b315,garcia2@consolidatedmsgr.com,notAgentic,,Self-service Password Robert2,Update,success,User submitted their user ID,Tyler3 Stephanie3,,a5f489b5-7396-458b-85f1-8a15b5c0b315,Microsoft.Graph.Beta.PowerShell.Models.IMicrosoftGraphModifiedProperty[],User,garcia2@consolidatedmsgr.com,,"Mozilla/5.0 (Windows NT 10.0; Win64; x64) AppleWebKit/537.36 (KHTML, like Gecko) Chrome/142.0.0.206 Safari/537.36",
2025-12-17 17:41,Update user,UserType,Member,,,,,,,,,,,UserManagement,210d793f-3151-4d88-8272-f102a2889e7e,Directory_210d793f-3151-4d88-8272-f102a2889e7e_RN86L_306423483,,Stewart Reed3 Kim5,e53c9fc2-7f00-4e69-8487-6c95f3535dc7,,,,,,,,,,,,,,,,,Core Directory,Update,success,,,,a5f489b5-7396-458b-85f1-8a15b5c0b315,,User,garcia2@consolidatedmsgr.com,,,
2025-12-17 17:33,Update user,UserType,Member,,,,,,,,,,,UserManagement,ccc73f5f-7565-4acb-8947-41eeca82627f,Directory_ccc73f5f-7565-4acb-8947-41eeca82627f_U8MAY_169713673,,Stewart Reed3 Kim5,e53c9fc2-7f00-4e69-8487-6c95f3535dc7,,,,,,,,,,,,,,,,,Core Directory,Update,success,,,,a5f489b5-7396-458b-85f1-8a15b5c0b315,,User,garcia2@consolidatedmsgr.com,,,
2025-12-17 17:21,Update user,UserType,Member,,,,,,,,,,,UserManagement,703b7a6b-3bcc-4c2e-8c32-a3086cd49074,Directory_703b7a6b-3bcc-4c2e-8c32-a3086cd49074_LE7XI_42554073,,ConnectSyncProvisioning_Joan2-Jackson1_f0234657174f,67c682e9-8d2e-40f2-839d-d76814e0dc7a,,,,,,,,,,,,,,,,,Core Directory,Update,success,,,,f9a62fe7-59eb-467a-848b-b0f4588e5386,,User,gutierrez2@consolidatedmsgr.com,,,
2025-12-17 17:15,User registered security info,TransactionId,8bb78935-fecb-4f97-8d15-0291b1052502,,AuthenticationMethodType,AppNotificationOnly,,AuthenticationMethod,Authenticator App with Samuel5,,,,,UserManagement,09bc12b0-32f1-435a-85ed-0c8c939cb8f1,Authentication Methods_09bc12b0-32f1-435a-85ed-0c8c939cb8f1_DY73N_41479551,,,,,,,,,,,,Clark Myers2,,,24.197.212.122,f9a62fe7-59eb-467a-848b-b0f4588e5386,gutierrez2@consolidatedmsgr.com,notAgentic,,Authentication Methods,Add,success,User registered Authenticator App with Samuel5,Clark Myers2,,f9a62fe7-59eb-467a-848b-b0f4588e5386,Microsoft.Graph.Beta.PowerShell.Models.IMicrosoftGraphModifiedProperty[],User,gutierrez2@consolidatedmsgr.com,,,
2025-12-17 17:15,POST UserAuthMethod.SecurityInfoRegistrationCallback,,,,,,,,,,,,,PolicyManagement,0da93191-cb8c-4b36-8e9a-c9018a32ebfe,Authentication Methods_0da93191-cb8c-4b36-8e9a-c9018a32ebfe_S1WVK_143698944,,,,,,,,,,,,Clark Myers2,,,172.183.155.7,,gutierrez2@consolidatedmsgr.com,notAgentic,,Authentication Methods,ServiceApi,success,NoContent,,,,Microsoft.Graph.Beta.PowerShell.Models.IMicrosoftGraphModifiedProperty[],,,,,
2025-12-17 17:15,Update user,UserType,Member,,,,,,,,,,,UserManagement,276d32c3-c4f9-45ae-8c61-4552a7cf2f4c,Directory_276d32c3-c4f9-45ae-8c61-4552a7cf2f4c_L8SF1_246601567,,Stewart Kathleen Christina Joseph2 Service,bcdd4eaf-cce1-4176-868b-2e45d2222da9,,,,,,,,,,,,,,,,,Core Directory,Update,success,,,,f9a62fe7-59eb-467a-848b-b0f4588e5386,,User,gutierrez2@consolidatedmsgr.com,,,
2025-12-17 17:14,Update user,UserType,Member,,,,,,,,,,,UserManagement,e8e75578-cc4a-45b3-81b5-169b6ae9728d,Directory_e8e75578-cc4a-45b3-81b5-169b6ae9728d_265NY_391013321,,Stewart Reed3 Kim5,e53c9fc2-7f00-4e69-8487-6c95f3535dc7,,,,,,,,,,,,,,,,,Core Directory,Update,success,,,,f9a62fe7-59eb-467a-848b-b0f4588e5386,,User,gutierrez2@consolidatedmsgr.com,,,
2025-12-17 17:14,Update user,UserType,Member,,,,,,,,,,,UserManagement,cfeae2c2-9138-4643-8889-c7d964bee564,Directory_cfeae2c2-9138-4643-8889-c7d964bee564_V0NH1_393727415,,Stewart Reed3 Kim5,e53c9fc2-7f00-4e69-8487-6c95f3535dc7,,,,,,,,,,,,,,,,,Core Directory,Update,success,,,,f9a62fe7-59eb-467a-848b-b0f4588e5386,,User,gutierrez2@consolidatedmsgr.com,,,
2025-12-17 17:06,Update StsRefreshTokenValidFrom Timestamp,,,,,,,,,,,,,UserManagement,e997479d-af1a-497a-8548-6f02b2c398aa,Directory_e997479d-af1a-497a-8548-6f02b2c398aa_H91GL_8093325,,ConnectSyncProvisioning_Joan2-Jackson1_f0234657174f,67c682e9-8d2e-40f2-839d-d76814e0dc7a,,,,,,,,,,,,,,,,,Core Directory,Update,success,,,,f9a62fe7-59eb-467a-848b-b0f4588e5386,,User,gutierrez2@consolidatedmsgr.com,,,
2025-12-17 17:06,Change user password,,,,,,,,,,,,,UserManagement,e997479d-af1a-497a-8548-6f02b2c398aa,Directory_e997479d-af1a-497a-8548-6f02b2c398aa_H91GL_8093318,,ConnectSyncProvisioning_Joan2-Jackson1_f0234657174f,67c682e9-8d2e-40f2-839d-d76814e0dc7a,,,,,,,,,,,,,,,,,Core Directory,Update,success,,,,f9a62fe7-59eb-467a-848b-b0f4588e5386,,User,gutierrez2@consolidatedmsgr.com,,,
2025-12-17 17:06,Update PasswordProfile,,,,,,,,,,,,,UserManagement,e997479d-af1a-497a-8548-6f02b2c398aa,Directory_e997479d-af1a-497a-8548-6f02b2c398aa_H91GL_8093292,,ConnectSyncProvisioning_Joan2-Jackson1_f0234657174f,67c682e9-8d2e-40f2-839d-d76814e0dc7a,,,,,,,,,,,,,,,,,Core Directory,Update,success,,,,f9a62fe7-59eb-467a-848b-b0f4588e5386,,User,gutierrez2@consolidatedmsgr.com,,,
2025-12-17 16:51,Enable account,,,,,,,,,,,,,UserManagement,f018f959-feae-4f22-80d4-139098b20174,Directory_f018f959-feae-4f22-80d4-139098b20174_QQW3G_31845937,,ConnectSyncProvisioning_Joan2-Jackson1_f0234657174f,67c682e9-8d2e-40f2-839d-d76814e0dc7a,,,,,,,,,,,,,,,,,Core Directory,Update,success,,,,f9a62fe7-59eb-467a-848b-b0f4588e5386,,User,gutierrez2@consolidatedmsgr.com,,,
2025-12-17 16:51,Update user,UserType,Member,,,,,,,,,,,UserManagement,f018f959-feae-4f22-80d4-139098b20174,Directory_f018f959-feae-4f22-80d4-139098b20174_QQW3G_31845929,,ConnectSyncProvisioning_Joan2-Jackson1_f0234657174f,67c682e9-8d2e-40f2-839d-d76814e0dc7a,,,,,,,,,,,,,,,,,Core Directory,Update,success,,,,f9a62fe7-59eb-467a-848b-b0f4588e5386,,User,gutierrez2@consolidatedmsgr.com,,,
2025-12-17 16:49,Validate user authentication,targetTenant,538835a7-5878-4c75-8c10-792210402dee,,targetEntityType,None,,actorIdentityType,UPN,,RequestId,e44ca684-322f-468f-88c2-88f2b5b11327,,Authentication,e44ca684-322f-468f-88c2-88f2b5b11327,B2C_e44ca684-322f-468f-88c2-88f2b5b11327_9fc57536-e8d3-4117-8537-fc27bc714352_134078717610332950,,,,,,,,,,,,admin@consolidatedmsgr.microsoftonline.com,,,20.190.135.192,263b1058-d2be-4326-8878-8ce79c878792,admin@consolidatedmsgr.microsoftonline.com,notAgentic,,B2C,Read,success,Token is valid,538835a7-5878-4c75-8c10-792210402dee,,,Microsoft.Graph.Beta.PowerShell.Models.IMicrosoftGraphModifiedProperty[],Other,,,"Mozilla/5.0 (Windows NT 10.0; Win64; x64) AppleWebKit/537.36 (KHTML, like Gecko) Chrome/142.0.0.206 Safari/537.36",
2025-12-17 16:38,Update StsRefreshTokenValidFrom Timestamp,,,,,,,,,,,,,UserManagement,1fee3712-9ee0-4858-82b6-7157c19c636b,Directory_1fee3712-9ee0-4858-82b6-7157c19c636b_YMT6L_8058143,,ConnectSyncProvisioning_Joan2-Jackson1_f0234657174f,67c682e9-8d2e-40f2-839d-d76814e0dc7a,,,,,,,,,,,,,,,,,Core Directory,Update,success,,,,f9a62fe7-59eb-467a-848b-b0f4588e5386,,User,gutierrez2@consolidatedmsgr.com,,,
2025-12-17 16:38,Change user password,,,,,,,,,,,,,UserManagement,1fee3712-9ee0-4858-82b6-7157c19c636b,Directory_1fee3712-9ee0-4858-82b6-7157c19c636b_YMT6L_8058136,,ConnectSyncProvisioning_Joan2-Jackson1_f0234657174f,67c682e9-8d2e-40f2-839d-d76814e0dc7a,,,,,,,,,,,,,,,,,Core Directory,Update,success,,,,f9a62fe7-59eb-467a-848b-b0f4588e5386,,User,gutierrez2@consolidatedmsgr.com,,,
2025-12-17 16:38,Update PasswordProfile,,,,,,,,,,,,,UserManagement,1fee3712-9ee0-4858-82b6-7157c19c636b,Directory_1fee3712-9ee0-4858-82b6-7157c19c636b_YMT6L_8058099,,ConnectSyncProvisioning_Joan2-Jackson1_f0234657174f,67c682e9-8d2e-40f2-839d-d76814e0dc7a,,,,,,,,,,,,,,,,,Core Directory,Update,success,,,,f9a62fe7-59eb-467a-848b-b0f4588e5386,,User,gutierrez2@consolidatedmsgr.com,,,
2025-12-17 16:37,Update user,UserType,Member,,User-Collins,"Mozilla/5.0 (Windows NT 10.0; Win64; x64) AppleWebKit/537.36 (KHTML, like Gecko) Chrome/142.0.0.206 Safari/537.36",,,,,,,,UserManagement,b3d19098-7e6a-44cc-87c7-380c747aaf58,Directory_b3d19098-7e6a-44cc-87c7-380c747aaf58_QX4B8_317736819,,,,,,,,,,,,,,,2600:1700:e420:d579:f272:19c:35c6:e87,263b1058-d2be-4326-8878-8ce79c878792,admin@consolidatedmsgr.microsoftonline.com,notAgentic,,Core Directory,Update,success,,,,f9a62fe7-59eb-467a-848b-b0f4588e5386,,User,gutierrez2@consolidatedmsgr.com,,,
2025-12-17 16:37,Update StsRefreshTokenValidFrom Timestamp,User-Collins,"Mozilla/5.0 (Windows NT 10.0; Win64; x64) AppleWebKit/537.36 (KHTML, like Gecko) Chrome/142.0.0.206 Safari/537.36",,,,,,,,,,,UserManagement,b3d19098-7e6a-44cc-87c7-380c747aaf58,Directory_b3d19098-7e6a-44cc-87c7-380c747aaf58_QX4B8_317736778,,,,,,,,,,,,,,,2600:1700:e420:d579:f272:19c:35c6:e87,263b1058-d2be-4326-8878-8ce79c878792,admin@consolidatedmsgr.microsoftonline.com,notAgentic,,Core Directory,Update,success,,,,f9a62fe7-59eb-467a-848b-b0f4588e5386,,User,gutierrez2@consolidatedmsgr.com,,,
2025-12-17 16:34,Update user,UserType,Member,,User-Collins,"Mozilla/5.0 (Windows NT 10.0; Win64; x64) AppleWebKit/537.36 (KHTML, like Gecko) Chrome/142.0.0.206 Safari/537.36",,,,,,,,UserManagement,87e83063-a60b-48ab-81ed-09f4e0c648d6,Directory_87e83063-a60b-48ab-81ed-09f4e0c648d6_PKTPN_347969894,,,,,,,,,,,,,,,71.90.27.18,263b1058-d2be-4326-8878-8ce79c878792,admin@consolidatedmsgr.microsoftonline.com,notAgentic,,Core Directory,Update,success,,,,f9a62fe7-59eb-467a-848b-b0f4588e5386,,User,gutierrez2@consolidatedmsgr.com,,,
2025-12-17 16:34,Update StsRefreshTokenValidFrom Timestamp,User-Collins,"Mozilla/5.0 (Windows NT 10.0; Win64; x64) AppleWebKit/537.36 (KHTML, like Gecko) Chrome/142.0.0.206 Safari/537.36",,,,,,,,,,,UserManagement,87e83063-a60b-48ab-81ed-09f4e0c648d6,Directory_87e83063-a60b-48ab-81ed-09f4e0c648d6_PKTPN_347969889,,,,,,,,,,,,,,,71.90.27.18,263b1058-d2be-4326-8878-8ce79c878792,admin@consolidatedmsgr.microsoftonline.com,notAgentic,,Core Directory,Update,success,,,,f9a62fe7-59eb-467a-848b-b0f4588e5386,,User,gutierrez2@consolidatedmsgr.com,,,
2025-12-17 16:34,Update user,UserType,,,,,,,,,,,,UserManagement,c367a265-f561-43ba-8b49-83979f1d637a,Directory_c367a265-f561-43ba-8b49-83979f1d637a_6EI78_373919721,,Stewart Reed3 Kim5,e53c9fc2-7f00-4e69-8487-6c95f3535dc7,,,,,,,,,,,,,,,,,Core Directory,Update,success,,,,263b1058-d2be-4326-8878-8ce79c878792,,User,admin@consolidatedmsgr.microsoftonline.com,,,
2025-12-17 16:34,Validate Password,User-Collins,O365AdminPortal,,,,,,,,,,,DirectoryManagement,334072c8-eaf6-46fb-8dda-e82053c9e901,Directory_334072c8-eaf6-46fb-8dda-e82053c9e901_FVCT7_279481332,,,,,,,,,,,,Samuel4 Richardson2 365 Tyler5,,,2603:1036:2405:1c80:3d2a:92dd:1b62:e2ec,263b1058-d2be-4326-8878-8ce79c878792,admin@consolidatedmsgr.microsoftonline.com,notAgentic,,Core Directory,Update,success,,Consolidatedmsgr,,9fc57536-e8d3-4117-8537-fc27bc714352,Microsoft.Graph.Beta.PowerShell.Models.IMicrosoftGraphModifiedProperty[],Directory,,,,
2025-12-17 16:34,Update user,UserType,,,,,,,,,,,,UserManagement,50807d76-a66c-426d-8ade-c44b2dc3bb04,Directory_50807d76-a66c-426d-8ade-c44b2dc3bb04_YG7NW_368479827,,Stewart Reed3 Kim5,e53c9fc2-7f00-4e69-8487-6c95f3535dc7,,,,,,,,,,,,,,,,,Core Directory,Update,success,,,,263b1058-d2be-4326-8878-8ce79c878792,,User,admin@consolidatedmsgr.microsoftonline.com,,,
2025-12-17 16:31,Update user,UserType,Member,,User-Collins,O365AdminPortal,,,,,,,,UserManagement,ec893d6a-d3ad-4e48-8ecd-389e005c29a1,Directory_ec893d6a-d3ad-4e48-8ecd-389e005c29a1_T8VTU_223643439,,,,,,,,,,,,Samuel4 Richardson2 365 Tyler5,,,2603:1036:2405:1c80:3d2a:92dd:1b62:e2ec,263b1058-d2be-4326-8878-8ce79c878792,admin@consolidatedmsgr.microsoftonline.com,notAgentic,,Core Directory,Update,success,,,,f9a62fe7-59eb-467a-848b-b0f4588e5386,,User,gutierrez2@consolidatedmsgr.com,,,
2025-12-17 16:31,Update StsRefreshTokenValidFrom Timestamp,User-Collins,O365AdminPortal,,,,,,,,,,,UserManagement,ec893d6a-d3ad-4e48-8ecd-389e005c29a1,Directory_ec893d6a-d3ad-4e48-8ecd-389e005c29a1_T8VTU_223643430,,,,,,,,,,,,Samuel4 Richardson2 365 Tyler5,,,2603:1036:2405:1c80:3d2a:92dd:1b62:e2ec,263b1058-d2be-4326-8878-8ce79c878792,admin@consolidatedmsgr.microsoftonline.com,notAgentic,,Core Directory,Update,success,,,,f9a62fe7-59eb-467a-848b-b0f4588e5386,,User,gutierrez2@consolidatedmsgr.com,,,
2025-12-17 16:31,Update user,UserType,Member,,User-Collins,O365AdminPortal,,,,,,,,UserManagement,54a9d8f0-f980-49d5-85ef-f4194df4db4d,Directory_54a9d8f0-f980-49d5-85ef-f4194df4db4d_8ON5H_105449952,,,,,,,,,,,,Samuel4 Richardson2 365 Tyler5,,,2603:1036:2405:1c80:3d2a:92dd:1b62:e2ec,263b1058-d2be-4326-8878-8ce79c878792,admin@consolidatedmsgr.microsoftonline.com,notAgentic,,Core Directory,Update,success,,,,f9a62fe7-59eb-467a-848b-b0f4588e5386,,User,gutierrez2@consolidatedmsgr.com,,,
2025-12-17 16:31,Disable account,User-Collins,O365AdminPortal,,,,,,,,,,,UserManagement,54a9d8f0-f980-49d5-85ef-f4194df4db4d,Directory_54a9d8f0-f980-49d5-85ef-f4194df4db4d_8ON5H_105449938,,,,,,,,,,,,Samuel4 Richardson2 365 Tyler5,,,2603:1036:2405:1c80:3d2a:92dd:1b62:e2ec,263b1058-d2be-4326-8878-8ce79c878792,admin@consolidatedmsgr.microsoftonline.com,notAgentic,,Core Directory,Update,success,,,,f9a62fe7-59eb-467a-848b-b0f4588e5386,,User,gutierrez2@consolidatedmsgr.com,,,
2025-12-17 16:30,Admin deleted security info,InitiatedFrom,ADIbizaUX (02692166-e62f-4a88-8677-5dea415c3259),,,,,,,,,,,UserManagement,36821952-09bf-49fb-84b1-310d8f347577,Authentication Methods_36821952-09bf-49fb-84b1-310d8f347577_IXLNW_142645075,02692166-e62f-4a88-8677-5dea415c3259,ADIbizaUX,,,,,,,,,,Admin,,,71.90.27.18,263b1058-d2be-4326-8878-8ce79c878792,admin@consolidatedmsgr.microsoftonline.com,notAgentic,,Authentication Methods,ServiceApi,success,Admin required re-katherine4 of MFA authentication methods.,Clark Myers2,,f9a62fe7-59eb-467a-848b-b0f4588e5386,,User,gutierrez2@consolidatedmsgr.com,,"Mozilla/5.0, (Windows NT 10.0; Win64; x64), AppleWebKit/537.36, (KHTML, like Gecko), Chrome/142.0.0.206, Safari/537.36",
2025-12-17 16:30,Update user,UserType,Member,,,,,,,,,,,UserManagement,b5453840-97cb-41fb-80cf-bf28a87045d4,Directory_b5453840-97cb-41fb-80cf-bf28a87045d4_JDNXY_69602296,,Stewart Kathleen Christina Joseph2 Service,bcdd4eaf-cce1-4176-868b-2e45d2222da9,,,,,,,,,,,,,,,,,Core Directory,Update,success,,,,f9a62fe7-59eb-467a-848b-b0f4588e5386,,User,gutierrez2@consolidatedmsgr.com,,,
2025-12-17 16:30,Update user,UserType,Member,,,,,,,,,,,UserManagement,f93e9f69-d8de-4dbe-8c07-285d5487b2bb,Directory_f93e9f69-d8de-4dbe-8c07-285d5487b2bb_JDNXY_69601328,,Stewart Kathleen Christina Joseph2 Service,bcdd4eaf-cce1-4176-868b-2e45d2222da9,,,,,,,,,,,,,,,,,Core Directory,Update,success,,,,f9a62fe7-59eb-467a-848b-b0f4588e5386,,User,gutierrez2@consolidatedmsgr.com,,,
2025-12-17 16:30,Restore myers3 authentication on all remembered devices,InitiatedFrom,ADIbizaUX (02692166-e62f-4a88-8677-5dea415c3259),,,,,,,,,,,UserManagement,a6dab8dd-c855-469b-8fff-4fb99a89edc6,Authentication Methods_a6dab8dd-c855-469b-8fff-4fb99a89edc6_7TUUI_96226050,02692166-e62f-4a88-8677-5dea415c3259,ADIbizaUX,,,,,,,,,,Admin,,,71.90.27.18,263b1058-d2be-4326-8878-8ce79c878792,admin@consolidatedmsgr.microsoftonline.com,notAgentic,,Authentication Methods,ServiceApi,success,Admin successfully restored myers3 authentication on all remembered devices.,Clark Myers2,,f9a62fe7-59eb-467a-848b-b0f4588e5386,,User,gutierrez2@consolidatedmsgr.com,,"Mozilla/5.0, (Windows NT 10.0; Win64; x64), AppleWebKit/537.36, (KHTML, like Gecko), Chrome/142.0.0.206, Safari/537.36",
2025-12-17 16:30,Update user,UserType,Member,,,,,,,,,,,UserManagement,680d5d57-d25f-499a-8169-65320e3110d8,Directory_680d5d57-d25f-499a-8169-65320e3110d8_V0NH1_382236251,,Stewart Kathleen Christina Joseph2 Service,bcdd4eaf-cce1-4176-868b-2e45d2222da9,,,,,,,,,,,,,,,,,Core Directory,Update,success,,,,f9a62fe7-59eb-467a-848b-b0f4588e5386,,User,gutierrez2@consolidatedmsgr.com,,,
2025-12-17 16:30,Update user,UserType,,,,,,,,,,,,UserManagement,4273e95d-665c-4cde-8fb9-28acea7dbf12,Directory_4273e95d-665c-4cde-8fb9-28acea7dbf12_LX2X0_317487437,,Stewart Reed3 Kim5,e53c9fc2-7f00-4e69-8487-6c95f3535dc7,,,,,,,,,,,,,,,,,Core Directory,Update,success,,,,263b1058-d2be-4326-8878-8ce79c878792,,User,admin@consolidatedmsgr.microsoftonline.com,,,
2025-12-17 16:05,Settings_GetSettingsAsync,,,,,,,,,,,,,GroupManagement,a7880de9-fbd8-4777-88f3-be947a216bd0,SSGM_a7880de9-fbd8-4777-88f3-be947a216bd0_JCOXU_212369913,,,,,,,,,,,,,,,52.191.70.75,f9a62fe7-59eb-467a-848b-b0f4588e5386,gutierrez2@consolidatedmsgr.com,notAgentic,,Self-service Group Robert2,Update,success,OK,,,538835a7-5878-4c75-8c10-792210402dee,Microsoft.Graph.Beta.PowerShell.Models.IMicrosoftGraphModifiedProperty[],N/A,,,,
2025-12-17 15:54,Update user,UserType,Member,,,,,,,,,,,UserManagement,77cc0417-c787-40ba-84b2-d2b45fac403a,Directory_77cc0417-c787-40ba-84b2-d2b45fac403a_V0NH1_372314885,,Stewart Reed3 Kim5,e53c9fc2-7f00-4e69-8487-6c95f3535dc7,,,,,,,,,,,,,,,,,Core Directory,Update,success,,,,f9a62fe7-59eb-467a-848b-b0f4588e5386,,User,gutierrez2@consolidatedmsgr.com,,,
2025-12-17 15:48,Set Company Jerry2,User-Collins,O365AdminPortal,,,,,,,,,,,DirectoryManagement,14c89c4a-0ad5-409d-8d54-c1cbe883c953,Directory_14c89c4a-0ad5-409d-8d54-c1cbe883c953_NS2ZK_339433881,,Samuel4 Richardson2 365 Tyler5,52c8eb53-7c9f-431c-8357-890a62dd4f52,,,,,,,,,,,,,,,,,Core Directory,Update,success,,Consolidatedmsgr,,9fc57536-e8d3-4117-8537-fc27bc714352,,Directory,,,,
2025-12-17 15:40,Update user,UserType,Member,,,,,,,,,,,UserManagement,b119483f-1f52-475a-8bef-1b6ef002a4bc,Directory_b119483f-1f52-475a-8bef-1b6ef002a4bc_WSCH5_280938743,,Samuel4 Janet6 Robert2,707ec55b-f09c-4af0-8afd-8a0bcf3e5a83,,,,,,,,,,,,,,,,,Core Directory,Update,success,,,,f9a62fe7-59eb-467a-848b-b0f4588e5386,,User,gutierrez2@consolidatedmsgr.com,,,
2025-12-17 13:35,Update user,UserType,Member,,,,,,,,,,,UserManagement,d54116bb-eb88-4f52-8cff-acf0ddd3c0e7,Directory_d54116bb-eb88-4f52-8cff-acf0ddd3c0e7_L8SF1_185880294,,Samuel4 Janet6 Robert2,707ec55b-f09c-4af0-8afd-8a0bcf3e5a83,,,,,,,,,,,,,,,,,Core Directory,Update,success,,,,f9a62fe7-59eb-467a-848b-b0f4588e5386,,User,gutierrez2@consolidatedmsgr.com,,,
2025-12-17 13:19,Update user,UserType,Member,,,,,,,,,,,UserManagement,23b723b5-72c0-4541-863f-5a0f8255c8a9,Directory_23b723b5-72c0-4541-863f-5a0f8255c8a9_LGH48_223711292,,Samuel4 Janet6 Robert2,707ec55b-f09c-4af0-8afd-8a0bcf3e5a83,,,,,,,,,,,,,,,,,Core Directory,Update,success,,,,f9a62fe7-59eb-467a-848b-b0f4588e5386,,User,gutierrez2@consolidatedmsgr.com,,,
2025-12-17 07:53,Update device,DeviceId,57d07dbd-3932-41e7-88f7-13361f1df050,,DeviceOSType,Windows,,DeviceTrustType,ServerAd,,,,,Device,fa526a65-a34d-4900-8f4b-2876f8c9a0b8,Directory_fa526a65-a34d-4900-8f4b-2876f8c9a0b8_3QKBX_342853506,,Gregory Katherine4 Service,dfb9099f-01cd-4f59-81bd-9d18e09baff3,,,,,,,,,,,,,,,,,Core Directory,Update,success,,Joan2-Kenneth2,,a538b2ea-b21a-4d99-8ce1-37b02482a940,,Device,,,,
2025-12-17 01:01,Self-service password pamela3 flow activity progress,,,,,,,,,,,,,UserManagement,36c204c3-24d2-41d1-8b2d-c4a933a3e9d5,SSPR_36c204c3-24d2-41d1-8b2d-c4a933a3e9d5_L2DQR_87478760,,,,,,,,,,,,,,,166.88.142.54,f9a62fe7-59eb-467a-848b-b0f4588e5386,gutierrez2@consolidatedmsgr.com,notAgentic,,Self-service Password Robert2,Update,failure,Password pamela3 is not enabled for this user. Enable password pamela3 under the ashley tab to resolve this,Clark Myers2,,f9a62fe7-59eb-467a-848b-b0f4588e5386,Microsoft.Graph.Beta.PowerShell.Models.IMicrosoftGraphModifiedProperty[],User,gutierrez2@consolidatedmsgr.com,,"Mozilla/5.0 (Windows NT 10.0; Win64; x64) AppleWebKit/537.36 (KHTML, like Gecko) Chrome/114.0.0.31 Safari/537.36 Edg/114.0.1823.82",
2025-12-17 01:01,Self-service password pamela3 flow activity progress,,,,,,,,,,,,,UserManagement,36c204c3-24d2-41d1-8b2d-c4a933a3e9d5,SSPR_36c204c3-24d2-41d1-8b2d-c4a933a3e9d5_L2DQR_87478746,,,,,,,,,,,,,,,166.88.142.54,f9a62fe7-59eb-467a-848b-b0f4588e5386,gutierrez2@consolidatedmsgr.com,notAgentic,,Self-service Password Robert2,Update,success,User submitted their user ID,Clark Myers2,,f9a62fe7-59eb-467a-848b-b0f4588e5386,Microsoft.Graph.Beta.PowerShell.Models.IMicrosoftGraphModifiedProperty[],User,gutierrez2@consolidatedmsgr.com,,"Mozilla/5.0 (Windows NT 10.0; Win64; x64) AppleWebKit/537.36 (KHTML, like Gecko) Chrome/114.0.0.31 Safari/537.36 Edg/114.0.1823.82",
2025-12-16 22:47,Add phillips permission grant,AppId,00000003-0000-0000-c000-000000000000,,,,,,,,,,,ApplicationManagement,150be5d7-953c-4f6b-8696-614bb4634dc5,Directory_150be5d7-953c-4f6b-8696-614bb4634dc5_TJAEF_38309214,,,,,,,,,,,,"External Vendor 1, Inc. Joseph5",aa61393d-564a-4410-8d24-a37020b7c1b3,"External Vendor 1, Inc.",51.143.50.95,32ec1773-11e9-4a1c-852e-9c468317fb52,user_jonathan@cook217.example,notAgentic,,Core Directory,Assign,success,,Samuel4 Stewart4,,d17a33f6-4fa5-441a-86cf-9bfd05fb2dd6,,ServicePrincipal,,,,
2025-12-16 22:47,Remove phillips permission grant,AppId,00000003-0000-0000-c000-000000000000,,,,,,,,,,,ApplicationManagement,0f29ebe4-9ba8-47d4-881e-65ab3343ff23,Directory_0f29ebe4-9ba8-47d4-881e-65ab3343ff23_GCF32_37639834,,,,,,,,,,,,"External Vendor 1, Inc. Joseph5",aa61393d-564a-4410-8d24-a37020b7c1b3,"External Vendor 1, Inc.",51.143.50.95,32ec1773-11e9-4a1c-852e-9c468317fb52,user_jonathan@cook217.example,notAgentic,,Core Directory,Unassign,success,,Samuel4 Stewart4,,d17a33f6-4fa5-441a-86cf-9bfd05fb2dd6,,ServicePrincipal,,,,
2025-12-16 17:58,Update device,DeviceId,9e5e5da2-a3b5-458b-82d0-14fb5ce7e4c7,,DeviceOSType,iOS,,DeviceTrustType,Lee5,,,,,Device,335f07d0-fd89-4a57-8a2f-54462488e8f0,Directory_335f07d0-fd89-4a57-8a2f-54462488e8f0_3QKBX_236433820,,Gregory Katherine4 Service,dfb9099f-01cd-4f59-81bd-9d18e09baff3,,,,,,,,,,,,,,,,,Core Directory,Update,success,,HOST-BE0B0C,,134203c8-23b5-4bb1-8eaf-bcb74bb28ffe,,Device,,,,
2025-12-16 09:01,GroupLifecyclePolicies_Get,,,,,,,,,,,,,GroupManagement,79688033-af7e-415d-89b3-7e30b9ed8328,SSGM_79688033-af7e-415d-89b3-7e30b9ed8328_KVE98_158633470,,,,,,,,,,,,,,,20.190.153.13,380e48ac-5643-4a07-805e-ad892ca1c2d8,,notAgentic,,Self-service Group Robert2,Update,success,OK,,,538835a7-5878-4c75-8c10-792210402dee,Microsoft.Graph.Beta.PowerShell.Models.IMicrosoftGraphModifiedProperty[],N/A,,,,
2025-12-16 01:34,Update device,DeviceId,73b15a3f-1907-41d9-8595-866a6dbf6ab3,,DeviceOSType,Windows,,DeviceTrustType,Lee5,,,,,Device,960db41e-741b-4fce-8d5b-39033729263f,Directory_960db41e-741b-4fce-8d5b-39033729263f_4QP01_381516366,,Gregory Katherine4 Service,dfb9099f-01cd-4f59-81bd-9d18e09baff3,,,,,,,,,,,,,,,,,Core Directory,Update,success,,HOST-173744,,158a5fd6-44cd-4840-834d-b7bf249d8e1b,,Device,,,,
2025-12-15 22:47,Add phillips permission grant,AppId,00000003-0000-0000-c000-000000000000,,,,,,,,,,,ApplicationManagement,1454a9f9-e12e-4621-8532-c664c1cfed55,Directory_1454a9f9-e12e-4621-8532-c664c1cfed55_45RVZ_25415987,,,,,,,,,,,,"External Vendor 1, Inc. Joseph5",aa61393d-564a-4410-8d24-a37020b7c1b3,"External Vendor 1, Inc.",40.91.113.195,32ec1773-11e9-4a1c-852e-9c468317fb52,user_jonathan@cook217.example,notAgentic,,Core Directory,Assign,success,,Samuel4 Stewart4,,d17a33f6-4fa5-441a-86cf-9bfd05fb2dd6,,ServicePrincipal,,,,
2025-12-15 22:47,Remove phillips permission grant,AppId,00000003-0000-0000-c000-000000000000,,,,,,,,,,,ApplicationManagement,d8385867-b12e-4a09-80e7-c28046287c4c,Directory_d8385867-b12e-4a09-80e7-c28046287c4c_C647M_25388380,,,,,,,,,,,,"External Vendor 1, Inc. Joseph5",aa61393d-564a-4410-8d24-a37020b7c1b3,"External Vendor 1, Inc.",40.91.113.195,32ec1773-11e9-4a1c-852e-9c468317fb52,user_jonathan@cook217.example,notAgentic,,Core Directory,Unassign,success,,Samuel4 Stewart4,,d17a33f6-4fa5-441a-86cf-9bfd05fb2dd6,,ServicePrincipal,,,,
2025-12-15 04:43,Update device,DeviceId,70566a9e-0c7d-4fa5-836e-1ec6c49b81a3,,DeviceOSType,Windows,,DeviceTrustType,Lee5,,,,,Device,ead2a00a-5802-4c7a-8737-0cada262d9c7,Directory_ead2a00a-5802-4c7a-8737-0cada262d9c7_4QP01_232831358,,Gregory Katherine4 Service,dfb9099f-01cd-4f59-81bd-9d18e09baff3,,,,,,,,,,,,,,,,,Core Directory,Update,success,,HOST-336644,,aa40bd6b-163b-4514-83ee-84e99f310b85,,Device,,,,
2025-12-14 22:47,Add phillips permission grant,AppId,00000003-0000-0000-c000-000000000000,,,,,,,,,,,ApplicationManagement,6c52a09c-91ae-4eeb-8361-0587d830f822,Directory_6c52a09c-91ae-4eeb-8361-0587d830f822_HY29N_13791351,,,,,,,,,,,,"External Vendor 1, Inc. Joseph5",aa61393d-564a-4410-8d24-a37020b7c1b3,"External Vendor 1, Inc.",40.91.113.195,32ec1773-11e9-4a1c-852e-9c468317fb52,user_jonathan@cook217.example,notAgentic,,Core Directory,Assign,success,,Samuel4 Stewart4,,d17a33f6-4fa5-441a-86cf-9bfd05fb2dd6,,ServicePrincipal,,,,
2025-12-14 22:47,Remove phillips permission grant,AppId,00000003-0000-0000-c000-000000000000,,,,,,,,,,,ApplicationManagement,fcab5f11-e30f-448c-83a1-78ea2b75048d,Directory_fcab5f11-e30f-448c-83a1-78ea2b75048d_MATFV_12107137,,,,,,,,,,,,"External Vendor 1, Inc. Joseph5",aa61393d-564a-4410-8d24-a37020b7c1b3,"External Vendor 1, Inc.",51.143.50.95,32ec1773-11e9-4a1c-852e-9c468317fb52,user_jonathan@cook217.example,notAgentic,,Core Directory,Unassign,success,,Samuel4 Stewart4,,d17a33f6-4fa5-441a-86cf-9bfd05fb2dd6,,ServicePrincipal,,,,
2025-12-14 18:16,Update application,AppId,de8e47dc-8c27-4a78-8e7d-88e51e27000c,,,,,,,,,,,ApplicationManagement,864dd9b6-5d47-4ece-848d-d46e38da479d,Directory_864dd9b6-5d47-4ece-848d-d46e38da479d_GWSV7_43487341,,ConnectSyncProvisioning_Joan2-Jackson1_f0234657174f,67c682e9-8d2e-40f2-839d-d76814e0dc7a,,,,,,,,,,,,,,,,,Core Directory,Update,success,,HOST-37410B,,365bf5c8-4b8a-48e4-88fe-ba3b9fb08258,Microsoft.Graph.Beta.PowerShell.Models.IMicrosoftGraphModifiedProperty[],Application,,,,
2025-12-14 18:16,Update application – Certificates and secrets robert2 ,AppId,de8e47dc-8c27-4a78-8e7d-88e51e27000c,,,,,,,,,,,ApplicationManagement,864dd9b6-5d47-4ece-848d-d46e38da479d,Directory_864dd9b6-5d47-4ece-848d-d46e38da479d_GWSV7_43487332,,ConnectSyncProvisioning_Joan2-Jackson1_f0234657174f,67c682e9-8d2e-40f2-839d-d76814e0dc7a,,,,,,,,,,,,,,,,,Core Directory,Update,success,,HOST-37410B,,365bf5c8-4b8a-48e4-88fe-ba3b9fb08258,,Application,,,,
2025-12-14 18:16,Update service principal,AppId,de8e47dc-8c27-4a78-8e7d-88e51e27000c,,AppOwnerOrganizationId,9fc57536-e8d3-4117-8537-fc27bc714352,,,,,,,,ApplicationManagement,864dd9b6-5d47-4ece-848d-d46e38da479d,Directory_864dd9b6-5d47-4ece-848d-d46e38da479d_GWSV7_43487322,,ConnectSyncProvisioning_Joan2-Jackson1_f0234657174f,67c682e9-8d2e-40f2-839d-d76814e0dc7a,,,,,,,,,,,,,,,,,Core Directory,Update,success,,HOST-37410B,,67c682e9-8d2e-40f2-839d-d76814e0dc7a,,ServicePrincipal,,,,
2025-12-14 18:15,Update application,AppId,de8e47dc-8c27-4a78-8e7d-88e51e27000c,,,,,,,,,,,ApplicationManagement,a487eae4-534a-4c6a-8231-109df847836a,Directory_a487eae4-534a-4c6a-8231-109df847836a_GWSV7_43484023,,ConnectSyncProvisioning_Joan2-Jackson1_f0234657174f,67c682e9-8d2e-40f2-839d-d76814e0dc7a,,,,,,,,,,,,,,,,,Core Directory,Update,success,,HOST-37410B,,365bf5c8-4b8a-48e4-88fe-ba3b9fb08258,Microsoft.Graph.Beta.PowerShell.Models.IMicrosoftGraphModifiedProperty[],Application,,,,
2025-12-14 18:15,Update application – Certificates and secrets robert2 ,AppId,de8e47dc-8c27-4a78-8e7d-88e51e27000c,,,,,,,,,,,ApplicationManagement,a487eae4-534a-4c6a-8231-109df847836a,Directory_a487eae4-534a-4c6a-8231-109df847836a_GWSV7_43484014,,ConnectSyncProvisioning_Joan2-Jackson1_f0234657174f,67c682e9-8d2e-40f2-839d-d76814e0dc7a,,,,,,,,,,,,,,,,,Core Directory,Update,success,,HOST-37410B,,365bf5c8-4b8a-48e4-88fe-ba3b9fb08258,,Application,,,,
2025-12-14 18:15,Update service principal,AppId,de8e47dc-8c27-4a78-8e7d-88e51e27000c,,AppOwnerOrganizationId,9fc57536-e8d3-4117-8537-fc27bc714352,,,,,,,,ApplicationManagement,a487eae4-534a-4c6a-8231-109df847836a,Directory_a487eae4-534a-4c6a-8231-109df847836a_GWSV7_43483934,,ConnectSyncProvisioning_Joan2-Jackson1_f0234657174f,67c682e9-8d2e-40f2-839d-d76814e0dc7a,,,,,,,,,,,,,,,,,Core Directory,Update,success,,HOST-37410B,,67c682e9-8d2e-40f2-839d-d76814e0dc7a,,ServicePrincipal,,,,
2025-12-14 18:15,Update user,UserType,,,,,,,,,,,,UserManagement,13d40add-0803-415c-85ce-547d102f57e7,Directory_13d40add-0803-415c-85ce-547d102f57e7_F9EVT_164615316,,Samuel4 Janet6 Robert2,707ec55b-f09c-4af0-8afd-8a0bcf3e5a83,,,,,,,,,,,,,,,,,Core Directory,Update,success,,,,08a169b3-8ace-4b8f-89f4-caaba102ddc1,,User,aaron@consolidatedmsgr.com,,,
2025-12-14 18:14,Update user,UserType,,,,,,,,,,,,UserManagement,41fb9590-c922-486b-8f33-3f61afa55cba,Directory_41fb9590-c922-486b-8f33-3f61afa55cba_ZGVND_458216252,,Samuel4 Janet6 Robert2,707ec55b-f09c-4af0-8afd-8a0bcf3e5a83,,,,,,,,,,,,,,,,,Core Directory,Update,success,,,,08a169b3-8ace-4b8f-89f4-caaba102ddc1,,User,aaron@consolidatedmsgr.com,,,
2025-12-14 18:14,Update user,UserType,,,,,,,,,,,,UserManagement,58f95b16-85cc-412e-8547-d681aa306909,Directory_58f95b16-85cc-412e-8547-d681aa306909_ZGVND_458073927,,Samuel4 Janet6 Robert2,707ec55b-f09c-4af0-8afd-8a0bcf3e5a83,,,,,,,,,,,,,,,,,Core Directory,Update,success,,,,c45a5ebe-c07c-42de-8dfe-60f4c6bbe041,,User,patricia2@consolidatedmsgr.com,,,
2025-12-14 18:13,Update user,UserType,,,,,,,,,,,,UserManagement,505a5ba7-3c1d-41e2-8b88-e8f1d3ec2dd5,Directory_505a5ba7-3c1d-41e2-8b88-e8f1d3ec2dd5_ZGVND_457991097,,Samuel4 Janet6 Robert2,707ec55b-f09c-4af0-8afd-8a0bcf3e5a83,,,,,,,,,,,,,,,,,Core Directory,Update,success,,,,c45a5ebe-c07c-42de-8dfe-60f4c6bbe041,,User,patricia2@consolidatedmsgr.com,,,
2025-12-14 18:13,Update user,UserType,,,,,,,,,,,,UserManagement,4a97ee3a-df54-4a2a-8540-d965254bc63a,Directory_4a97ee3a-df54-4a2a-8540-d965254bc63a_ZGVND_457959535,,Samuel4 Janet6 Robert2,707ec55b-f09c-4af0-8afd-8a0bcf3e5a83,,,,,,,,,,,,,,,,,Core Directory,Update,success,,,,c45a5ebe-c07c-42de-8dfe-60f4c6bbe041,,User,patricia2@consolidatedmsgr.com,,,
2025-12-14 18:13,Update user,UserType,,,,,,,,,,,,UserManagement,88b9a575-6461-491d-89ed-b371595e50dd,Directory_88b9a575-6461-491d-89ed-b371595e50dd_ZGVND_457895574,,Samuel4 Janet6 Robert2,707ec55b-f09c-4af0-8afd-8a0bcf3e5a83,,,,,,,,,,,,,,,,,Core Directory,Update,success,,,,c45a5ebe-c07c-42de-8dfe-60f4c6bbe041,,User,patricia2@consolidatedmsgr.com,,,
2025-12-14 18:09,Set Company Jerry2,User-Collins,O365AdminPortal,,,,,,,,,,,DirectoryManagement,37ab0119-507b-4e16-80fa-e9591652663a,Directory_37ab0119-507b-4e16-80fa-e9591652663a_8AJVX_290915824,,Samuel4 Richardson2 365 Tyler5,52c8eb53-7c9f-431c-8357-890a62dd4f52,,,,,,,,,,,,,,,,,Core Directory,Update,success,,Consolidatedmsgr,,9fc57536-e8d3-4117-8537-fc27bc714352,,Directory,,,,
2025-12-14 18:09,Update user,UserType,,,,,,,,,,,,UserManagement,f832e3e3-5972-4ba5-8e90-77526b129481,Directory_f832e3e3-5972-4ba5-8e90-77526b129481_XQBPP_597783483,,Stewart Reed3 Kim5,e53c9fc2-7f00-4e69-8487-6c95f3535dc7,,,,,,,,,,,,,,,,,Core Directory,Update,success,,,,263b1058-d2be-4326-8878-8ce79c878792,,User,admin@consolidatedmsgr.microsoftonline.com,,,
2025-12-14 13:13,Update user,UserType,Member,,,,,,,,,,,UserManagement,074b9999-3ffe-4c37-8cb4-34a030c541bc,Directory_074b9999-3ffe-4c37-8cb4-34a030c541bc_5S2QS_59026472,,Samuel4 Janet6 Robert2,707ec55b-f09c-4af0-8afd-8a0bcf3e5a83,,,,,,,,,,,,,,,,,Core Directory,Update,success,,,,f9a62fe7-59eb-467a-848b-b0f4588e5386,,User,gutierrez2@consolidatedmsgr.com,,,
2025-12-14 09:21,Update device,DeviceId,f26b75bb-4389-4e85-84a7-3cc4b80076ae,,DeviceOSType,Windows,,DeviceTrustType,ServerAd,,,,,Device,c8873def-9278-4457-8bc2-dad677557331,Directory_c8873def-9278-4457-8bc2-dad677557331_SNKED_358005148,,Gregory Katherine4 Service,dfb9099f-01cd-4f59-81bd-9d18e09baff3,,,,,,,,,,,,,,,,,Core Directory,Update,success,,Joan2-Bennett42,,7e027f04-1f62-4cf4-84c3-c08ff35fbbb2,,Device,,,,
2025-12-14 04:45,Update device,DeviceId,54604b7d-735e-4336-89dc-c78ae53ebe1e,,DeviceOSType,Windows,,DeviceTrustType,ServerAd,,,,,Device,21366df8-d212-43cf-8df0-1a94d03d192b,Directory_21366df8-d212-43cf-8df0-1a94d03d192b_SNKED_321289618,,Gregory Katherine4 Service,dfb9099f-01cd-4f59-81bd-9d18e09baff3,,,,,,,,,,,,,,,,,Core Directory,Update,success,,HOST-4CC672,,9ce8a170-c488-4a6d-8042-e52baf58984e,,Device,,,,
2025-12-14 00:14,Update user,UserType,Member,,,,,,,,,,,UserManagement,86ebf04a-a9f5-498d-8b42-c8a3c3d8c39c,Directory_86ebf04a-a9f5-498d-8b42-c8a3c3d8c39c_SNKED_281409866,,Stewart Reed3 Kim5,e53c9fc2-7f00-4e69-8487-6c95f3535dc7,,,,,,,,,,,,,,,,,Core Directory,Update,success,,,,08157f85-953f-4aae-8d5e-d7849576324e,,User,jackson3@consolidatedmsgr.com,,,
2025-12-13 22:47,Add phillips permission grant,AppId,00000003-0000-0000-c000-000000000000,,,,,,,,,,,ApplicationManagement,ec387d50-e41c-447c-83e3-c409561ca08a,Directory_ec387d50-e41c-447c-83e3-c409561ca08a_SBQW5_90092659,,,,,,,,,,,,"External Vendor 1, Inc. Joseph5",aa61393d-564a-4410-8d24-a37020b7c1b3,"External Vendor 1, Inc.",40.91.113.195,32ec1773-11e9-4a1c-852e-9c468317fb52,user_jonathan@cook217.example,notAgentic,,Core Directory,Assign,success,,Samuel4 Stewart4,,d17a33f6-4fa5-441a-86cf-9bfd05fb2dd6,,ServicePrincipal,,,,
2025-12-13 22:47,Remove phillips permission grant,AppId,00000003-0000-0000-c000-000000000000,,,,,,,,,,,ApplicationManagement,20950378-40da-44d0-874d-c57ae3706a73,Directory_20950378-40da-44d0-874d-c57ae3706a73_I9IC5_88465396,,,,,,,,,,,,"External Vendor 1, Inc. Joseph5",aa61393d-564a-4410-8d24-a37020b7c1b3,"External Vendor 1, Inc.",51.143.50.95,32ec1773-11e9-4a1c-852e-9c468317fb52,user_jonathan@cook217.example,notAgentic,,Core Directory,Unassign,success,,Samuel4 Stewart4,,d17a33f6-4fa5-441a-86cf-9bfd05fb2dd6,,ServicePrincipal,,,,
2025-12-13 18:19,Update user,UserType,Member,,,,,,,,,,,UserManagement,94b3ca7c-190c-4a7b-8bc1-290bfa203e29,Directory_94b3ca7c-190c-4a7b-8bc1-290bfa203e29_J29Z4_34602030,,Samuel4 Janet6 Robert2,707ec55b-f09c-4af0-8afd-8a0bcf3e5a83,,,,,,,,,,,,,,,,,Core Directory,Update,success,,,,f9a62fe7-59eb-467a-848b-b0f4588e5386,,User,gutierrez2@consolidatedmsgr.com,,,
2025-12-13 17:13,Set Company Jerry2,User-Collins,O365AdminPortal,,,,,,,,,,,DirectoryManagement,597ec18e-2838-432f-8e31-e721531e2e8a,Directory_597ec18e-2838-432f-8e31-e721531e2e8a_VKYDJ_175078751,,Samuel4 Richardson2 365 Tyler5,52c8eb53-7c9f-431c-8357-890a62dd4f52,,,,,,,,,,,,,,,,,Core Directory,Update,success,,Consolidatedmsgr,,9fc57536-e8d3-4117-8537-fc27bc714352,,Directory,,,,
2025-12-13 17:13,Update user,UserType,,,,,,,,,,,,UserManagement,4e7a098e-9b1d-49d1-8d98-5151c0d2f680,Directory_4e7a098e-9b1d-49d1-8d98-5151c0d2f680_XW3YG_327238061,,Stewart Reed3 Kim5,e53c9fc2-7f00-4e69-8487-6c95f3535dc7,,,,,,,,,,,,,,,,,Core Directory,Update,success,,,,263b1058-d2be-4326-8878-8ce79c878792,,User,admin@consolidatedmsgr.microsoftonline.com,,,
2025-12-13 17:11,Update user,UserType,Member,,,,,,,,,,,UserManagement,8e17888f-8059-452a-8249-eebf21a6b7cc,Directory_8e17888f-8059-452a-8249-eebf21a6b7cc_8C2LN_116949573,,Stewart Reed3 Kim5,e53c9fc2-7f00-4e69-8487-6c95f3535dc7,,,,,,,,,,,,,,,,,Core Directory,Update,success,,,,6a62563f-3db3-4095-8af2-60bb41bf15ac,,User,jackson2@consolidatedmsgr.com,,,
2025-12-13 16:56,Update user,UserType,Member,,,,,,,,,,,UserManagement,664b9e1d-0a5a-472c-81df-b345df2e2a9c,Directory_664b9e1d-0a5a-472c-81df-b345df2e2a9c_8LCKK_52804182,,Stewart Reed3 Kim5,e53c9fc2-7f00-4e69-8487-6c95f3535dc7,,,,,,,,,,,,,,,,,Core Directory,Update,success,,,,6a62563f-3db3-4095-8af2-60bb41bf15ac,,User,jackson2@consolidatedmsgr.com,,,
2025-12-13 16:23,Update user,UserType,Member,,,,,,,,,,,UserManagement,58b0b879-f227-491f-8bed-d464f4648e08,Directory_58b0b879-f227-491f-8bed-d464f4648e08_CNJQP_284704832,,Stewart Reed3 Kim5,e53c9fc2-7f00-4e69-8487-6c95f3535dc7,,,,,,,,,,,,,,,,,Core Directory,Update,success,,,,b86bbc68-d3e3-4b05-8fce-3ace3310c5fc,,User,kenneth2@consolidatedmsgr.com,,,
2025-12-13 16:06,Update user,UserType,Member,,,,,,,,,,,UserManagement,88de9449-48dc-45c4-8297-e1db5fc32761,Directory_88de9449-48dc-45c4-8297-e1db5fc32761_J29Z4_8200050,,Samuel4 Janet6 Robert2,707ec55b-f09c-4af0-8afd-8a0bcf3e5a83,,,,,,,,,,,,,,,,,Core Directory,Update,success,,,,f9a62fe7-59eb-467a-848b-b0f4588e5386,,User,gutierrez2@consolidatedmsgr.com,,,
2025-12-13 16:00,Update user,UserType,Member,,,,,,,,,,,UserManagement,cb0007ae-9666-41c2-8702-dc3a15cde056,Directory_cb0007ae-9666-41c2-8702-dc3a15cde056_VUML1_106427896,,Stewart Reed3 Kim5,e53c9fc2-7f00-4e69-8487-6c95f3535dc7,,,,,,,,,,,,,,,,,Core Directory,Update,success,,,,6a62563f-3db3-4095-8af2-60bb41bf15ac,,User,jackson2@consolidatedmsgr.com,,,
2025-12-13 15:10,Update user,UserType,Member,,,,,,,,,,,UserManagement,ebeb2190-632d-455d-810d-41943733785e,Directory_ebeb2190-632d-455d-810d-41943733785e_6B1UO_405073770,,Stewart Reed3 Kim5,e53c9fc2-7f00-4e69-8487-6c95f3535dc7,,,,,,,,,,,,,,,,,Core Directory,Update,success,,,,b86bbc68-d3e3-4b05-8fce-3ace3310c5fc,,User,kenneth2@consolidatedmsgr.com,,,
2025-12-13 15:09,Update user,UserType,Member,,,,,,,,,,,UserManagement,00e931b1-3633-492d-873d-3bf890f01188,Directory_00e931b1-3633-492d-873d-3bf890f01188_HMPS1_35133804,,Stewart Reed3 Kim5,e53c9fc2-7f00-4e69-8487-6c95f3535dc7,,,,,,,,,,,,,,,,,Core Directory,Update,success,,,,b86bbc68-d3e3-4b05-8fce-3ace3310c5fc,,User,kenneth2@consolidatedmsgr.com,,,
2025-12-13 13:50,Update user,UserType,Member,,,,,,,,,,,UserManagement,ff20d729-a5b1-4fc1-8d5d-4b6942273947,Directory_ff20d729-a5b1-4fc1-8d5d-4b6942273947_TB84D_277471455,,Stewart Reed3 Kim5,e53c9fc2-7f00-4e69-8487-6c95f3535dc7,,,,,,,,,,,,,,,,,Core Directory,Update,success,,,,b86bbc68-d3e3-4b05-8fce-3ace3310c5fc,,User,kenneth2@consolidatedmsgr.com,,,
2025-12-13 11:11,Update device,DeviceId,54604b7d-735e-4336-89dc-c78ae53ebe1e,,DeviceOSType,Windows,,DeviceTrustType,ServerAd,,User-Collins,Microsoft.OData.Client/7.12.5,,Device,bf1ff1da-728f-485f-8b1e-8a68a8f2ac21,Directory_bf1ff1da-728f-485f-8b1e-8a68a8f2ac21_4DD9B_522105001,,Gregory Katherine4 Service,dfb9099f-01cd-4f59-81bd-9d18e09baff3,,,,,,,,,,,,,,,,,Core Directory,Update,success,,HOST-4CC672,,9ce8a170-c488-4a6d-8042-e52baf58984e,,Device,,,,
2025-12-13 09:50,Update device,DeviceId,bbf82652-6dbe-464c-8c29-484ca91e23a5,,DeviceOSType,Windows,,DeviceTrustType,ServerAd,,User-Collins,Microsoft.OData.Client/7.12.5,,Device,fa2e5a9f-dd25-4b4d-815f-e464bfcd7634,Directory_fa2e5a9f-dd25-4b4d-815f-e464bfcd7634_R71ZY_225171381,,Gregory Katherine4 Service,dfb9099f-01cd-4f59-81bd-9d18e09baff3,,,,,,,,,,,,,,,,,Core Directory,Update,success,,HOST-179498,,70d2685d-78b9-41df-848d-bfd02f2a7ced,,Device,,,,
2025-12-13 09:31,Update device,DeviceId,57d07dbd-3932-41e7-88f7-13361f1df050,,DeviceOSType,Windows,,DeviceTrustType,ServerAd,,User-Collins,Microsoft.OData.Client/7.12.5,,Device,0e4962a1-816d-4536-8ec9-1299a12e7944,Directory_0e4962a1-816d-4536-8ec9-1299a12e7944_RUYI1_373355824,,Gregory Katherine4 Service,dfb9099f-01cd-4f59-81bd-9d18e09baff3,,,,,,,,,,,,,,,,,Core Directory,Update,success,,Joan2-Kenneth2,,a538b2ea-b21a-4d99-8ce1-37b02482a940,,Device,,,,
2025-12-13 09:22,Update device,DeviceId,8a9cb14a-9ece-490e-8ee8-d4967172f41a,,DeviceOSType,Windows,,DeviceTrustType,ServerAd,,User-Collins,Microsoft.OData.Client/7.12.5,,Device,86e9979a-3243-47d4-8d1a-2922c82e8cac,Directory_86e9979a-3243-47d4-8d1a-2922c82e8cac_IU875_76359574,,Gregory Katherine4 Service,dfb9099f-01cd-4f59-81bd-9d18e09baff3,,,,,,,,,,,,,,,,,Core Directory,Update,success,,HOST-7E61F3,,ba2d88d3-5aa6-4632-86a8-31902265accf,,Device,,,,
2025-12-13 08:11,GroupLifecyclePolicies_Get,,,,,,,,,,,,,GroupManagement,1284ec0f-6278-465d-8df1-0ded2f507d4b,SSGM_1284ec0f-6278-465d-8df1-0ded2f507d4b_5T7JT_120051439,,,,,,,,,,,,,,,40.126.23.129,380e48ac-5643-4a07-805e-ad892ca1c2d8,,notAgentic,,Self-service Group Robert2,Update,success,OK,,,538835a7-5878-4c75-8c10-792210402dee,Microsoft.Graph.Beta.PowerShell.Models.IMicrosoftGraphModifiedProperty[],N/A,,,,
