"Mailbox","UPN","Permission","AssignedTo","MailboxType"
"Taylor2 Kathleen3","ortiz3@consolidatedmsgr.com","FullAccess","rachel@consolidatedmsgr.com","UserMailbox"
"Accounting","accounting@consolidatedmsgr.microsoftonline.com","FullAccess","gutierrez2@consolidatedmsgr.com","SharedMailbox"
"Ortiz Roberts4","aaron@consolidatedmsgr.com","FullAccess","gutierrez2@consolidatedmsgr.com","SharedMailbox"
"Ortiz Roberts4","aaron@consolidatedmsgr.com","FullAccess","admin@consolidatedmsgr.microsoftonline.com","SharedMailbox"
"Gray4 Reyes4","walker3@consolidatedmsgr.com","FullAccess","rachel@consolidatedmsgr.com","SharedMailbox"
"Lewis5","lewis5@consolidatedmsgr.microsoftonline.com","FullAccess","jackson3@consolidatedmsgr.com","SharedMailbox"
"Brenda5 Kevin6","patricia2@consolidatedmsgr.com","FullAccess","gutierrez2@consolidatedmsgr.com","SharedMailbox"
"Brenda5 Kevin6","patricia2@consolidatedmsgr.com","FullAccess","rachel@consolidatedmsgr.com","SharedMailbox"
"Edwards3 Joyce","michelle3@consolidatedmsgr.com","FullAccess","rachel@consolidatedmsgr.com","SharedMailbox"
