"DisplayName","CreatedDateTime","AccountEnabled","AppRoleAssignmentRequired","TagList","ReplyUrls","ServicePrincipalType","Id"
"Audit GraphAPI Application","2026-07-29T06:39:54Z","True","False","","","Application","62c88874-5383-4919-ac44-827361ab2d70"
"Microsoft 365 Admin portal","2026-07-29T06:39:38Z","True","False","","https://ignite.admin.cloud.microsoft/landing,https://canary.admin.cloud.microsoft/landing,https://sdf.admin.cloud.microsoft/landing,https://admin.cloud.microsoft/landing,https://ignite.admin.cloud.microsoft/prelanding,https://sdf.admin.cloud.microsoft/prelanding,https://canary.admin.cloud.microsoft/prelanding,https://admin.cloud.microsoft/prelanding,https://scu.admin.cloud.microsoft/landing,https://brz.admin.cloud.microsoft/landing,https://wus.admin.cloud.microsoft/landing,https://sea.admin.cloud.microsoft/landing,https://cus.admin.cloud.microsoft/landing,https://frc.admin.cloud.microsoft/landing,https://weu.admin.cloud.microsoft/landing,https://eus.admin.cloud.microsoft/landing,https://ignite.admin.cloud.microsoft/msal_redirect.html,https://canary.admin.cloud.microsoft/msal_redirect.html,https://sdf.admin.cloud.microsoft/msal_redirect.html,https://admin.cloud.microsoft/msal_redirect.html,https://scu.admin.cloud.microsoft/msal_redirect.html,https://brz.admin.cloud.microsoft/msal_redirect.html,https://wus.admin.cloud.microsoft/msal_redirect.html,https://sea.admin.cloud.microsoft/msal_redirect.html,https://cus.admin.cloud.microsoft/msal_redirect.html,https://frc.admin.cloud.microsoft/msal_redirect.html,https://weu.admin.cloud.microsoft/msal_redirect.html,https://eus.admin.cloud.microsoft/msal_redirect.html,https://admin.cloud.microsoft,https://ignite.admin.cloud.microsoft,https://sdf.admin.cloud.microsoft,https://canary.admin.cloud.microsoft,https://ignite.admin.cloud.microsoft/msal_redirect_aobo.html,https://canary.admin.cloud.microsoft/msal_redirect_aobo.html,https://sdf.admin.cloud.microsoft/msal_redirect_aobo.html,https://admin.cloud.microsoft/msal_redirect_aobo.html,https://scu.admin.cloud.microsoft/msal_redirect_aobo.html,https://brz.admin.cloud.microsoft/msal_redirect_aobo.html,https://wus.admin.cloud.microsoft/msal_redirect_aobo.html,https://sea.admin.cloud.microsoft/msal_redirect_aobo.html,https://cus.admin.cloud.microsoft/msal_redirect_aobo.html,https://frc.admin.cloud.microsoft/msal_redirect_aobo.html,https://weu.admin.cloud.microsoft/msal_redirect_aobo.html,https://eus.admin.cloud.microsoft/msal_redirect_aobo.html,https://eau.admin.cloud.microsoft/landing,https://ind.admin.cloud.microsoft/landing,https://wjp.admin.cloud.microsoft/landing,https://wuk.admin.cloud.microsoft/landing,https://eau.admin.cloud.microsoft/msal_redirect_aobo.html,https://ind.admin.cloud.microsoft/msal_redirect_aobo.html,https://wjp.admin.cloud.microsoft/msal_redirect_aobo.html,https://wuk.admin.cloud.microsoft/msal_redirect_aobo.html,https://eau.admin.cloud.microsoft/msal_redirect.html,https://ind.admin.cloud.microsoft/msal_redirect.html,https://wjp.admin.cloud.microsoft/msal_redirect.html,https://wuk.admin.cloud.microsoft/msal_redirect.html,https://canary-afd.admin.cloud.microsoft/landing,https://sdf-afd.admin.cloud.microsoft/landing,https://ignite-afd.admin.cloud.microsoft/landing,https://uascanaryprv.admin.cloud.microsoft/landing,https://uassdfprv.admin.cloud.microsoft/landing,https://canary-afd.admin.cloud.microsoft/msal_redirect_aobo.html,https://canary-afd.admin.cloud.microsoft/msal_redirect.html,https://sdf-afd.admin.cloud.microsoft/msal_redirect.html,https://sdf-afd.admin.cloud.microsoft/msal_redirect_aobo.html,https://ignite-afd.admin.cloud.microsoft/msal_redirect_aobo.html,https://ignite-afd.admin.cloud.microsoft/msal_redirect.html,https://uascanaryprv.admin.cloud.microsoft/msal_redirect.html,https://uassdfprv.admin.cloud.microsoft/msal_redirect.html,https://uasigniteprv.admin.cloud.microsoft/msal_redirect.html,https://uascanaryprv.admin.cloud.microsoft/msal_redirect_aobo.html,https://uassdfprv.admin.cloud.microsoft/msal_redirect_aobo.html,https://uasigniteprv.admin.cloud.microsoft/msal_redirect_aobo.html,https://ring0.admin.cloud.microsoft,https://ring0.admin.cloud.microsoft/landing,https://ring0.admin.cloud.microsoft/prelanding,https://ring0.admin.cloud.microsoft/msal_redirect.html,https://ring0.admin.cloud.microsoft/msal_redirect_aobo.html","Application","a436d907-35d1-4aaa-b5f1-40d38d649a78"
"Thunderbird","2026-07-21T20:36:52Z","True","False","WindowsAzureActiveDirectoryIntegratedApp","https://localhost,https://login.microsoftonline.com/common/oauth2/nativeclient,http://localhost,net.thunderbird://oauth2/callback","Application","43b78873-0a87-4a62-8337-2636cccbdfe7"
"Microsoft Defender Hunting","2026-07-07T06:18:51Z","True","False","disableLegacyUserImpersonationClient,disableLegacyUserImpersonationResource,GitCreatedApp","","Application","560b41f9-5e67-4096-afc9-19ba45ac34ae"
"Microsoft Alchemy Service","2026-07-06T15:23:19Z","True","False","","https://alchemy.microsoft.com","Application","5851a5a1-ac1f-407b-a77e-ef7667ce3caa"
"Office 365 Search Service","2026-07-06T08:06:14Z","True","False","disableLegacyUserImpersonationResource,disableLegacyUserImpersonationClient","","Application","f552a43c-b7b1-4268-9569-dce5c91ac4db"
"My Profile","2026-07-06T06:12:13Z","True","False","disableAcceptingTenantedPassthroughTokens,disableRequestingTenantedPassthroughTokens","https://myprofile.microsoft.com,https://myaccount.microsoft.com,https://myworkaccount.microsoft.com,https://myaccount.azure.us,https://myaccount.microsoft.com/redirect.html,https://myprofile.microsoft.com/redirect.html,https://myworkaccount.microsoft.com/redirect.html,https://myaccount.azure.us/redirect.html,https://myaccount.microsoft.com/blank.html,https://myprofile.microsoft.com/blank.html,https://myworkaccount.microsoft.com/blank.html,https://myaccount.azure.us/blank.html","Application","6a6b2c74-c443-4ad9-96ed-07724c0ff124"
"Azure Purview","2026-07-06T05:42:39Z","True","False","","","Application","ce7cdb47-4ac9-40df-a3ce-e2b2412414b9"
"Microsoft 365 Security and Compliance Center","2026-07-06T05:42:23Z","True","False","disableLegacyUserImpersonationResource","https://sip.security.microsoft.com/,https://sip.compliance.microsoft.com/,https://sip.protection.office.com/,https://df.security.microsoft.com/,https://df.compliance.microsoft.com/,https://df.protection.office.com/,https://protection.office.com/,https://compliance.microsoft.com/,https://security.microsoft.com/,https://transition.security.microsoft.com/,https://partner-access.security.microsoft.com/,https://df.mto.security.microsoft.com/,https://sip.mto.security.microsoft.com/,https://mto.security.microsoft.com/,https://purview.microsoft.com/,https://sip.purview.microsoft.com/,https://df.purview.microsoft.com/,https://dev.purview.microsoft.com/,https://dev.security.microsoft.com/,https://launcher.df.security.microsoft.com/,https://launcher.sip.security.microsoft.com/,https://launcher.security.microsoft.com/,https://mto.df.security.microsoft.com/,https://mto.sip.security.microsoft.com/,https://partner-access.df.security.microsoft.com/,https://partner-access.sip.security.microsoft.com/,https://mto.dev.security.microsoft.com/,https://dev.purview.microsoft.com/Blank,https://dev.security.microsoft.com/Blank,https://df.compliance.microsoft.com/Blank,https://df.mto.security.microsoft.com/Blank,https://df.protection.office.com/Blank,https://df.purview.microsoft.com/Blank,https://df.security.microsoft.com/Blank,https://mto.df.security.microsoft.com/Blank,https://launcher.df.security.microsoft.com/Blank,https://partner-access.df.security.microsoft.com/Blank,https://sip.compliance.microsoft.com/Blank,https://sip.mto.security.microsoft.com/Blank,https://sip.protection.office.com/Blank,https://sip.purview.microsoft.com/Blank,https://sip.security.microsoft.com/Blank,https://launcher.sip.security.microsoft.com/Blank,https://mto.sip.security.microsoft.com/Blank,https://partner-access.sip.security.microsoft.com/Blank,https://compliance.microsoft.com/Blank,https://protection.office.com/Blank,https://purview.microsoft.com/Blank,https://security.microsoft.com/Blank,https://launcher.security.microsoft.com/Blank,https://mto.security.microsoft.com/Blank,https://partner-access.security.microsoft.com/Blank,https://transition.security.microsoft.com/Blank,https://ai.df.security.microsoft.com/,https://ai.sip.security.microsoft.com/,https://ai.security.microsoft.com/,https://ai.df.security.microsoft.com/Blank,https://ai.sip.security.microsoft.com/Blank,https://ai.security.microsoft.com/Blank,https://ai.dev.security.microsoft.com/,https://ai.dev.security.microsoft.com/Blank","Application","f1d65996-8269-4778-b232-a79772a6e8e0"
"AAD App Management","2026-07-06T04:58:56Z","True","False","","","Application","7791436f-09bc-48b6-837d-a5c9db889154"
"CPIM Service","2026-07-06T03:46:17Z","True","False","","https://*.cpim.windows.net/*,brk-c44b4083-3bb0-49c1-b47d-974e53cbdf3c://rc.portal.azure.com,brk-c44b4083-3bb0-49c1-b47d-974e53cbdf3c://canary-ms.portal.azure.com,brk-c44b4083-3bb0-49c1-b47d-974e53cbdf3c://ms.portal.azure.com,brk-c44b4083-3bb0-49c1-b47d-974e53cbdf3c://preview.portal.azure.com,brk-c44b4083-3bb0-49c1-b47d-974e53cbdf3c://canary.portal.azure.com,brk-c44b4083-3bb0-49c1-b47d-974e53cbdf3c://portal.azure.com,https://proxy.b2clogin.com/tenantredirect/authresp,https://login.microsoftonline.com/te/tenantredirect/authresp,https://te.cpim.windows.net/tenantredirect/authresp","Application","45a91fc4-391c-49e4-a7e7-59975a2d7ae4"
"O365 LinkedIn Connection","2026-04-20T04:17:08Z","True","False","","","SocialIdp","12d77f8e-9ef1-4d50-ac30-cedf0f2b366c"
"Power Platform Authorization Service PROD","2026-04-20T04:17:07Z","True","False","disableLegacyUserImpersonationClient,disableLegacyUserImpersonationResource","","Application","79e5057d-4af4-48f5-b659-8f104603cf61"
"Power Platform Connector Management Service - PROD","2026-04-20T04:17:07Z","True","False","disableLegacyUserImpersonationClient,disableLegacyUserImpersonationResource,GitCreatedApp","","Application","b9f70d2e-9350-49c2-a2a7-d0fd6693e5b4"
"Microsoft 365 App Catalog Services","2026-04-20T04:17:07Z","True","False","disableLegacyUserImpersonationResource","","Application","5bfdd719-a707-4e47-93fe-7d6673086211"
"Power Apps Service Data Plane Backend","2026-04-20T04:17:06Z","True","False","","","Application","38a61bf9-1722-4750-acbc-9a6b16695f2d"
"Power Apps Service Customer Management Plane Backend","2026-04-20T04:17:06Z","True","False","","","Application","01e77a1b-8dbf-44bc-a7d7-695f0cd2bb10"
"Microsoft Graph Command Line Tools","2026-04-19T23:41:22Z","True","False","WindowsAzureActiveDirectoryIntegratedApp","ms-appx-web://microsoft.aad.brokerplugin/14d82eec-204b-4c2f-b7e8-296a70dab67e,http://localhost,https://login.microsoftonline.com/common/oauth2/nativeclient","Application","61a50abd-45d1-462b-b5a9-97e9492bc473"
"O365 Demeter","2026-04-17T02:01:29Z","True","False","","https://scu.commerceapi.office.net,https://scuprv.commerceapi.office.net,https://eus.commerceapi.office.net,https://weu.commerceapi.office.net,https://sea.commerceapi.office.net,https://eusprv.commerceapi.office.net,https://neu.commerceapi.office.net,https://eusprv2.commerceapi.office.net,https://eusprv3.commerceapi.office.net,https://aircapi.commerceapi.office.net,https://azuremarketplace.microsoft.com/commercial,https://azuremarketplace.microsoft.com/proposal,https://wus2.commerceapi.office.net,https://eus.commerceapi.officeppe.net,https://commerceapi.officeppe.net,https://commerceapi.office.net/v1/my-org/commercial/getindex,https://aircapi.commerceapi.office.net/v1/my-org/commercial/getindex,https://proposal.microsoft.com/v1/my-org/commercial/getindex,https://publisher-aircapi.1pp.microsoft.com/v1/my-org/commercial/getindex,https://eastus.publisher-aircapi.1pp.microsoft.com,https://westus.publisher-aircapi.1pp.microsoft.com,https://commerceapi.office.net/v1/my-org/proposal/getindex,https://aircapi.commerceapi.office.net/v1/my-org/proposal/getindex,https://aircapi.proposal.microsoft.com/v1/my-org/commercial/getindex,https://aircapi.proposal.microsoft.com/v1/my-org/proposal/getindex,https://proposal.microsoft.com/v1/my-org/proposal/getindex,https://publisher-aircapi.1pp.microsoft.com/v1/my-org/proposal/getindex,https://eusprv.commerceapi.office.net/v1/my-org/commercial/getindex,https://eusprv.commerceapi.office.net/v1/my-org/proposal/getindex,https://eusprv2.commerceapi.office.net/v1/my-org/commercial/getindex,https://eusprv2.commerceapi.office.net/v1/my-org/proposal/getindex,https://eusprv3.commerceapi.office.net/v1/my-org/commercial/getindex,https://eusprv3.commerceapi.office.net/v1/my-org/proposal/getindex,https://scuprv.commerceapi.office.net/v1/my-org/commercial/getindex,https://scuprv.commerceapi.office.net/v1/my-org/proposal/getindex,https://eus.commerceapi.office.net/v1/my-org/commercial/getindex,https://eus.commerceapi.office.net/v1/my-org/proposal/getindex,https://neu.commerceapi.office.net/v1/my-org/commercial/getindex,https://neu.commerceapi.office.net/v1/my-org/proposal/getindex,https://scu.commerceapi.office.net/v1/my-org/commercial/getindex,https://scu.commerceapi.office.net/v1/my-org/proposal/getindex,https://sea.commerceapi.office.net/v1/my-org/commercial/getindex,https://sea.commerceapi.office.net/v1/my-org/proposal/getindex,https://weu.commerceapi.office.net/v1/my-org/commercial/getindex,https://weu.commerceapi.office.net/v1/my-org/proposal/getindex,https://wus2.commerceapi.office.net/v1/my-org/commercial/getindex,https://wus2.commerceapi.office.net/v1/my-org/proposal/getindex,https://eastus.publisher-aircapi.1pp.microsoft.com/v1/my-org/commercial/getindex,https://eastus.publisher-aircapi.1pp.microsoft.com/v1/my-org/proposal/getindex,https://westus.publisher-aircapi.1pp.microsoft.com/v1/my-org/commercial/getindex,https://westus.publisher-aircapi.1pp.microsoft.com/v1/my-org/proposal/getindex","Application","ff1565da-3dfa-4047-be91-749f9e9b9c30"
"M365 App Management Service","2026-04-17T02:01:28Z","True","False","","","Application","f8a07754-967a-4724-9bda-7b82662b6549"
"M365AdminAgent","2026-04-17T02:01:28Z","True","False","disableLegacyUserImpersonationClient,disableLegacyUserImpersonationResource,GitCreatedApp","https://token.botframework.com/.auth/web/redirect","Application","0ee384b0-ca3f-4ac9-8a8b-ed50424469ec"
"Defender for Cloud Apps - Microsoft Copilot Collector","2026-02-11T02:32:29Z","True","False","disableLegacyUserImpersonationClient,disableLegacyUserImpersonationResource,GitCreatedApp","","Application","873bfd9e-acaf-48ec-91d0-5cbd38a60456"
"Safelinks","2026-01-10T06:04:00Z","True","False","","","Application","5052abeb-c880-4a7a-978d-ac320ea50669"
"Azure Resource Graph","2025-10-25T14:11:34Z","True","False","disableLegacyUserImpersonationResource,disableLegacyUserImpersonationClient","https://arg.management.azure.com","Application","04d38233-9e87-4faa-bd36-f086654c20c0"
"PPE-DataResidencyService","2025-10-16T05:32:51Z","True","False","disableLegacyUserImpersonationClient,disableLegacyUserImpersonationResource,GitCreatedApp","","Application","95633809-a285-4c8c-9e47-2a8b19fd6518"
"Microsoft People Cards Service","2025-10-02T03:52:35Z","True","False","disableAcceptingTenantedPassthroughTokens,disableRequestingTenantedPassthroughTokens,disableLegacyUserImpersonationResource,disableLegacyUserImpersonationClient","https://lam.loki.delve.office.com/linkedInAuthRedirect.aspx,https://apc.loki.delve.office.com/linkedInAuthRedirect.aspx,https://eur.loki.delve.office.com/linkedInAuthRedirect.aspx,https://msit.loki.delve.office.com/linkedInAuthRedirect.aspx,https://df.loki.delve.office.com/linkedInAuthRedirect.aspx,https://nam.loki.delve.office.com/linkedInAuthRedirect.aspx,https://loki.delve.office.com/linkedinauthredirect.aspx","Application","a13a51c6-04d8-4b42-8282-e04cebe7535b"
"Defender for Cloud Apps - Power Platform Solution Deployer","2025-09-03T23:53:31Z","True","False","disableLegacyUserImpersonationClient,disableLegacyUserImpersonationResource,GitCreatedApp","","Application","9798ab66-2d97-4340-8f26-8a842a590985"
"MDA LCNC Power Platform Security Webhooks","2025-09-03T17:09:15Z","True","False","disableLegacyUserImpersonationClient,disableLegacyUserImpersonationResource,GitCreatedApp","","Application","2f5e47c0-1c43-4a55-9ce1-2318fe0dc2c1"
"Narada Notification Service","2025-09-01T09:02:33Z","True","False","disableLegacyUserImpersonationClient,disableLegacyUserImpersonationResource,GitCreatedApp","","Application","6e586165-c96c-4ae1-b920-0e2a2e97a971"
"Dynamics 365 Viva Sales","2025-07-08T03:56:04Z","True","False","","","Application","29fb5fa8-441e-437c-bbe7-6609d742a91c"
"AADReporting","2025-07-03T19:06:36Z","True","False","","https://reportingservice.activedirectory.windowsazure.com/","Application","7e2c0543-53fe-4445-b5b0-2e3c09b8bad9"
"Microsoft password reset service","2025-07-03T19:06:31Z","True","False","","","Application","b816b4d6-3a06-4dd6-af39-cf04bf20c8a6"
"M365 License Manager","2025-07-03T19:06:26Z","True","False","","https://admin.microsoft.com","Application","57ab2a13-5721-48d2-8997-840f240d46fe"
"Office MRO Device Manager Service","2025-07-03T19:06:25Z","True","False","","","Application","fa7c61d9-f019-4137-8e83-c7555d6caca9"
"CABProvisioning","2025-07-03T19:06:23Z","True","False","disableLegacyUserImpersonationResource","","Application","68098ff8-8ff9-4952-a418-b0a5bd1b859f"
"Exchange Rbac","2025-07-03T19:06:23Z","True","False","disableLegacyUserImpersonationClient,disableLegacyUserImpersonationResource","","Application","de086e8a-e47f-42f8-9f3e-b94c249920f8"
"SubscriptionRP","2025-07-03T19:06:23Z","True","False","disableLegacyUserImpersonationResource","","Application","03a58440-5498-44df-bc3f-128090c21d76"
"M365 Admin Services","2025-07-03T19:06:22Z","True","False","","","Application","d13de59c-b1e1-4dc3-a244-b0024e28ac59"
"Azure Portal","2025-07-03T19:06:19Z","True","False","","https://lkg.portal.azure.com/signin/index/,https://lkg.portal.azure.com/signin/validatesession/,https://swiftlet.portal.azure.com/signin/validatesession/,https://swiftlet.portal.azure.com/signin/index/,https://rc.portal.azure.com/signin/validatesession/,https://rc.portal.azure.com/signin/index/,https://rc-swiftlet.portal.azure.com/signin/validatesession/,https://rc-swiftlet.portal.azure.com/signin/index/,https://rc-m365multitenantmanagement.portal.azure.com/signin/validatesession/,https://rc-m365multitenantmanagement.portal.azure.com/signin/index/,https://rc-intuneeducation.portal.azure.com/signin/validatesession/,https://rc-intuneeducation.portal.azure.com/signin/index/,https://rc-devicemanagement.portal.azure.com/signin/validatesession/,https://rc-devicemanagement.portal.azure.com/signin/index/,https://rc-aad.portal.azure.com/signin/validatesession/,https://rc-aad.portal.azure.com/signin/index/,https://preview.portal.azure.com/signin/validatesession/,https://preview.portal.azure.com/signin/index/,https://portal.azure.com/signin/validatesession/,https://portal.azure.com/signin/index/,https://oms.portal.azure.com/signin/validatesession/,https://oms.portal.azure.com/signin/index/,https://ms.portal.azure.com/signin/validatesession/,https://ms.portal.azure.com/signin/index/,https://m365multitenantmanagement.portal.azure.com/signin/validatesession/,https://m365multitenantmanagement.portal.azure.com/signin/index/,https://intuneeducation.portal.azure.com/signin/validatesession/,https://intuneeducation.portal.azure.com/signin/index/,https://fujitsu.portal.azure.com/signin/validatesession/,https://fujitsu.portal.azure.com/signin/index/,https://endpoint.microsoft.com/signin/validatesession/,https://endpoint.microsoft.com/signin/index/,https://devicemanagement.portal.azure.com/signin/validatesession/,https://devicemanagement.portal.azure.com/signin/index/,https://devicemanagement.microsoft.com/signin/validatesession/,https://devicemanagement.microsoft.com/signin/index/,https://canary.portal.azure.com/signin/validatesession/,https://canary.portal.azure.com/signin/index/,https://canary-swiftlet.portal.azure.com/signin/validatesession/,https://canary-swiftlet.portal.azure.com/signin/index/,https://canary-ms.portal.azure.com/signin/validatesession/,https://canary-ms.portal.azure.com/signin/index/,https://canary-m365multitenantmanagement.portal.azure.com/signin/validatesession/,https://canary-m365multitenantmanagement.portal.azure.com/signin/index/,https://canary-intuneeducation.portal.azure.com/signin/validatesession/,https://canary-intuneeducation.portal.azure.com/signin/index/,https://canary-endpoint.microsoft.com/signin/validatesession/,https://canary-endpoint.microsoft.com/signin/index/,https://canary-devicemanagement.portal.azure.com/signin/validatesession/,https://canary-devicemanagement.portal.azure.com/signin/index/,https://canary-aad.portal.azure.com/signin/validatesession/,https://canary-aad.portal.azure.com/signin/index/,https://backup.portal.azure.com/signin/validatesession/,https://backup.portal.azure.com/signin/index/,https://aad.portal.azure.com/signin/validatesession/,https://aad.portal.azure.com/signin/index/,https://canary-stateofthepossible.portal.azure.com/signin/index/,https://rc-stateofthepossible.portal.azure.com/signin/index/,https://stateofthepossible.portal.azure.com/signin/index/,https://lighthouse.microsoft.com/signin/validatesession/,https://lighthouse.microsoft.com/signin/index/,https://rc-vlcentral.portal.azure.com/signin/index/,https://rc-vlcentral.portal.azure.com/signin/validatesession/,https://rc-onefleet.portal.azure.com/signin/validatesession/,https://rc-onefleet.portal.azure.com/signin/index/,https://vlcentral.portal.azure.com/signin/validatesession/,https://vlcentral.portal.azure.com/signin/index/,https://vlcentral.microsoft.com/signin/validatesession/,https://vlcentral.microsoft.com/signin/index/,https://ms.portal.azure.com/,https://entra.microsoft.com/signin/index/,https://canary.entra.microsoft.com/signin/index/,https://rc.portal.azure.com/,https://rc-e360.portal.azure.com/signin/index/,https://rc-e360.portal.azure.com/signin/validatesession/,https://atm.portal.azure.com/signin/index/,https://atm.portal.azure.com/signin/validatesession/,https://portal.azure.com/,https://canary.portal.azure.com/,https://rc-msfoundry.portal.azure.com/signin/validatesession/,https://rc-msfoundry.portal.azure.com/signin/index/,https://msfoundry.portal.azure.com/signin/index/,https://msfoundry.portal.azure.com/signin/validatesession/,https://rc-engagehub.portal.azure.com/signin/index/,https://rc-engagehub.portal.azure.com/signin/validatesession/,https://engagehub.portal.azure.com/signin/index/,https://engagehub.portal.azure.com/signin/validatesession/,https://intune.microsoft.com/signin/index/,https://canary-intune.microsoft.com/signin/index/,https://rc.portal.azure.com/auth/login/,https://canary-ms.portal.azure.com/auth/login/,https://rc.engagehub.microsoft.com/signin/index/,https://rc.engagehub.microsoft.com/signin/validatesession/,https://engagehub.microsoft.com/signin/index/,https://engagehub.microsoft.com/signin/validatesession/,https://rc-solutions.portal.azure.com/signin/index/,https://rc-solutions.portal.azure.com/signin/validatesession/,https://ms.portal.azure.com/auth/login/,https://portal.azure.com/auth/login/,https://preview.portal.azure.com/auth/login/,https://canary.portal.azure.com/auth/login/,https://rc-entra.portal.azure.com/signin/index/,https://rc-entra.portal.azure.com/signin/validatesession/,https://canary-entra.portal.azure.com/signin/index/,https://canary-entra.portal.azure.com/signin/validatesession/,https://intune.microsoft.com/,https://canary-intune.microsoft.com/,https://entra.microsoft.com/,https://canary.entra.microsoft.com/,https://preview.portal.azure.com/,https://canary-ms.portal.azure.com/,https://rc-devicemanagement.portal.azure.com/,https://rc-vlcentral.portal.azure.com/,https://rc.engagehub.microsoft.com/,https://rc-intuneeducation.portal.azure.com/,https://devicemanagement.portal.azure.com/,https://vlcentral.portal.azure.com/,https://intuneeducation.portal.azure.com/,https://rc-onefleet.portal.azure.com/,https://engagehub.microsoft.com/,https://engagehub.portal.azure.com/,https://rc-engagehub.portal.azure.com/,https://canary-intuneeducation.portal.azure.com/,https://canary-vlcentral.portal.azure.com/signin/validatesession/,https://canary-vlcentral.portal.azure.com/signin/index/,https://canary-vlcentral.portal.azure.com/,https://engagecenter.microsoft.com/signin/index/,https://engagecenter.microsoft.com/signin/validatesession/,https://rc.engagecenter.microsoft.com/signin/validatesession/,https://rc.engagecenter.microsoft.com/signin/index/,https://engagecenter.microsoft.com/,https://rc.engagecenter.microsoft.com/,https://solutions.portal.azure.com/signin/index/,https://solutions.portal.azure.com/signin/validatesession/,https://solutions.portal.azure.com/,https://rc-datacenter.portal.azure.com/signin/index/,https://rc-datacenter.portal.azure.com/signin/validatesession/,https://datacenter.portal.azure.com/signin/index/,https://datacenter.portal.azure.com/signin/validatesession/,https://rc-icm.portal.azure.com/signin/index/,https://rc-icm.portal.azure.com/signin/validatesession/,https://icm.portal.azure.com/signin/index/,https://icm.portal.azure.com/signin/validatesession/,https://rc-qualityhub.portal.azure.com/signin/index/,https://rc-qualityhub.portal.azure.com/signin/validatesession/,https://qualityhub.portal.azure.com/signin/index/,https://qualityhub.portal.azure.com/signin/validatesession/,https://rc-datacenter.portal.azure.com/,https://datacenter.portal.azure.com/,https://rc-icm.portal.azure.com/,https://icm.portal.azure.com/,https://rc-qualityhub.portal.azure.com/,https://qualityhub.portal.azure.com/,https://rc-startups.portal.azure.com/signin/index/,https://rc-startups.portal.azure.com/signin/validatesession/,https://startups.portal.azure.com/signin/index/,https://startups.portal.azure.com/signin/validatesession/,https://rc-startups.portal.azure.com/,https://startups.portal.azure.com/,https://rc-vlcentral.portal.azure.com/auth/login/,https://rc.engagehub.microsoft.com/auth/login/,https://rc-intuneeducation.portal.azure.com/auth/login/,https://rc.engagecenter.microsoft.com/auth/login/,https://rc-onefleet.portal.azure.com/auth/login/,https://rc-engagehub.portal.azure.com/auth/login/,https://aad.portal.azure.com/,https://aad.portal.azure.com/auth/login/,https://vlcentral.microsoft.com/,https://vlcentral.microsoft.com/auth/login/,https://lighthouse.microsoft.com/,https://lighthouse.microsoft.com/auth/login/,https://lkg.portal.azure.com/,https://lkg.portal.azure.com/auth/login/,https://oms.portal.azure.com/,https://oms.portal.azure.com/auth/login/,https://m365multitenantmanagement.portal.azure.com/,https://m365multitenantmanagement.portal.azure.com/auth/login/,https://canary-aad.portal.azure.com/,https://canary-aad.portal.azure.com/auth/login/,https://canary-endpoint.microsoft.com/,https://canary-endpoint.microsoft.com/auth/login/,https://atm.portal.azure.com/,https://atm.portal.azure.com/auth/login/,https://canary-devicemanagement.portal.azure.com/,https://canary-devicemanagement.portal.azure.com/auth/login/,https://stateofthepossible.portal.azure.com/,https://stateofthepossible.portal.azure.com/auth/login/,https://fujitsu.portal.azure.com/,https://fujitsu.portal.azure.com/auth/login/,https://intune.microsoft.com/auth/login/,https://canary-intune.microsoft.com/auth/login/,https://entra.microsoft.com/auth/login/,https://canary.entra.microsoft.com/auth/login/,https://rc-devicemanagement.portal.azure.com/auth/login/,https://devicemanagement.portal.azure.com/auth/login/,https://vlcentral.portal.azure.com/auth/login/,https://intuneeducation.portal.azure.com/auth/login/,https://engagehub.microsoft.com/auth/login/,https://engagehub.portal.azure.com/auth/login/,https://canary-intuneeducation.portal.azure.com/auth/login/,https://canary-vlcentral.portal.azure.com/auth/login/,https://engagecenter.microsoft.com/auth/login/,https://solutions.portal.azure.com/auth/login/,https://rc-datacenter.portal.azure.com/auth/login/,https://datacenter.portal.azure.com/auth/login/,https://rc-icm.portal.azure.com/auth/login/,https://icm.portal.azure.com/auth/login/,https://rc-qualityhub.portal.azure.com/auth/login/,https://qualityhub.portal.azure.com/auth/login/,https://rc-startups.portal.azure.com/auth/login/,https://startups.portal.azure.com/auth/login/","Application","14dae1c5-9f3e-4708-aea0-66b6b1487343"
"My Apps","2025-07-03T19:06:16Z","True","False","","https://myapps.microsoft.com,https://myapplications.microsoft.com,x-msauth-MyApplications://com.microsoft.MyApplications,msauth://com.myapps/e%2fwWXNjQurk5S5P0EkZaIvjcMps%3d,https://myapplications.microsoft.com/api/signin-oidc,https://launcher.myapps.microsoft.com,https://launcher.myapps.microsoft.com/api/signin-oidc,https://myapplications.microsoft.com/blank.html,https://myapps.microsoft.com/blank.html,https://launcher.myapps.microsoft.com/api/passwordsso","Application","bb9e3196-19cd-481c-85ca-d6e480ce3ccc"
"Office365 Shell WCSS-Server Default","2025-07-03T19:06:14Z","True","False","disableLegacyUserImpersonationClient,disableLegacyUserImpersonationResource,disableAcceptingTenantedPassthroughTokens,disableRequestingTenantedPassthroughTokens","","Application","57ff8481-aa60-4691-9917-e657fda4cbe7"
"Office365 Shell SS-Server Default","2025-07-03T19:06:11Z","True","False","disableLegacyUserImpersonationClient,disableLegacyUserImpersonationResource,disableAcceptingTenantedPassthroughTokens,disableRequestingTenantedPassthroughTokens","","Application","bfde9c05-e4fa-4e1b-a990-0915ab00056d"
"Azure MFA StrongAuthenticationService","2025-07-03T19:05:57Z","True","False","disableLegacyUserImpersonationResource,disableLegacyUserImpersonationClient","","Application","bcf40703-6d7d-428e-9e5d-de41dc403927"
"Azure Credential Configuration Endpoint Service","2025-07-03T19:04:33Z","True","False","","https://mface.windowsazure.com/","Application","1dabf010-8219-468f-8d00-a969e5e23cda"
"Viva Skills","2025-06-16T23:20:13Z","True","False","","","Application","5e51e228-5cc0-455e-970a-e1faa48f629e"
"MS-PIM","2025-06-13T14:42:56Z","True","False","","","Application","46cc6bb4-9e9c-42f3-8b0e-f6c6ae43514e"
"TenantSearchProcessors","2025-06-03T02:26:29Z","True","False","disableLegacyUserImpersonationClient,disableLegacyUserImpersonationResource,GitCreatedApp","","Application","ae646fad-4f0a-486a-bc16-46a10d3520f0"
"IAMTenantCrawler","2025-05-31T10:17:25Z","True","False","","","Application","00935f31-8fa2-4535-8438-419cbeabcfa8"
"Office 365 Reports","2025-05-29T22:23:45Z","True","False","disableLegacyUserImpersonationResource","https://reportsncu.office.com/,https://reportssea.office.com/,https://reportsweu.office.com/,https://reports.office.com/,https://reports.office.com/odata/,https://reportsgcc.office.com/","Application","fa269734-7dfc-403e-839d-2eb2b419b1d2"
"Microsoft Modern Contact Master","2025-05-29T06:24:23Z","True","False","disableLegacyUserImpersonationResource","","Application","71a9ce5a-f176-4d16-9e49-984d87dfc106"
"policy enforcer","2025-05-28T20:26:06Z","True","False","","","Application","cbe5aa0c-1262-4004-a8ee-32fa5e43d5e3"
"Microsoft Azure AD Identity Protection","2025-05-27T05:55:40Z","True","False","","","Application","2c263364-158f-494f-bf0a-aa5a264287dd"
"Azure AD Identity Protection","2025-05-27T05:55:38Z","True","False","disableLegacyUserImpersonationClient","","Application","4ebf45a5-b4f7-47de-abe9-d2415d4b0aba"
"o365.servicecommunications.microsoft.com","2025-05-25T07:10:23Z","True","False","disableLegacyUserImpersonationClient,disableLegacyUserImpersonationResource","","Application","d043d42c-c364-49d2-aa82-cdf569a5e171"
"Microsoft Defender for Cloud Apps - Customer Experience","2025-05-24T16:27:51Z","True","False","disableLegacyUserImpersonationClient,disableLegacyUserImpersonationResource,GitCreatedApp","","Application","815edd42-ac6a-454a-a248-514111169309"
"CAP Neptune Prod CM Prod ","2025-05-23T02:00:24Z","True","False","","","Application","8aaec9e4-8756-42d8-961e-3236372a71e3"
"Common Data Service License Management","2025-05-22T17:24:15Z","True","False","","","Application","d98ba191-2544-43a6-aba8-dc5295f0d334"
"Teams Policy Notification Processor Service","2025-05-22T13:55:08Z","True","False","","","Application","a60cb46e-825a-43ed-af43-90b23ff03a8f"
"Permission Service O365","2025-05-22T13:54:15Z","True","False","","","Application","9ab46f9d-704a-4a09-a5bd-84d94d944ead"
"IpLicensingService","2025-05-22T12:59:13Z","True","False","","","Application","cd658d7b-e9ce-466c-9b60-52806c2e588d"
"ComplianceWorkbenchApp","2025-05-22T12:59:12Z","True","False","","","Application","756fbd4a-cd5e-4a50-9a5b-2d0bc412e803"
"Office365DirectorySynchronizationService","2025-05-22T08:48:11Z","True","False","disableLegacyUserImpersonationResource,disableLegacyUserImpersonationClient","","Application","31e89e0d-3c75-4f24-bbec-27939b5e58b2"
"People Profile Event Proxy","2025-05-22T08:44:53Z","True","False","disableLegacyUserImpersonationClient,disableLegacyUserImpersonationResource","","Application","666e6a73-261f-4c73-b26f-61d69c7a362a"
"Microsoft Office Licensing Service Agents","2025-05-22T08:43:34Z","True","False","","","Application","4eb574c5-88f2-46e0-b86a-2d86f2bd79ce"
"Microsoft Graph Connectors Core","2025-05-22T08:15:53Z","True","False","disableLegacyUserImpersonationResource,disableLegacyUserImpersonationClient","","Application","251d12ee-3870-43cd-9f10-c36e8bf808fb"
"M365DevPortals-SamplePacks-SharePoint-Prod","2025-05-22T06:57:46Z","True","False","","https://developer.microsoft-int.com/microsoft-365/profile,https://developer.microsoft.com/microsoft-365/profile","Application","bef341d6-6f8e-40ef-a4a7-3bad520ad01c"
"Microsoft-Developer Program-Sample Data Packs","2025-05-22T06:57:41Z","True","False","","https://developer.microsoft.com/microsoft-365/profile/,https://developer.microsoft.com/en-us/microsoft-365/profile/,https://developer.microsoft.com/en-us/office/profile,https://developer.microsoft-int.com/en-us/office/profile,https://developer.microsoft.com/office/profile,https://developer.microsoft-int.com/office/profile,https://developer.microsoft-int.com/microsoft-365/profile,https://developer.microsoft.com/microsoft-365/profile,https://developer.microsoft-int.com/en-us/microsoft-365/profile,https://developer.microsoft.com/en-us/microsoft-365/profile","Application","8ac8aecb-f105-40fa-89bd-d61c3e5b01e1"
"Microsoft Substrate Management","2025-05-22T05:53:39Z","True","False","disableLegacyUserImpersonationResource,disableLegacyUserImpersonationClient","","Application","ac4aca83-9a1c-4cd3-a802-66f6947d6eec"
"CompliancePolicy","2025-05-22T05:43:48Z","True","False","","","Application","a0c96c3e-d317-4d78-98f8-92917ddd9ad0"
"Microsoft Rights Management Services Default","2025-05-22T05:28:07Z","True","False","disableLegacyUserImpersonationClient,disableLegacyUserImpersonationResource,GitCreatedApp","","Application","b5d6fdbb-5154-4dcc-8909-725a6687cb2d"
"Data Classification Service","2025-05-22T05:16:20Z","True","False","","https://dataclassification.office365.us,https://dataclassification.office.com","Application","c80eaed5-6497-4663-820d-f1f4d11a1191"
"Substrate Instant Revocation Pipeline","2025-05-22T05:16:13Z","True","False","","","Application","cb084878-48f5-4067-a4f2-903a034725c1"
"Group Configuration Processor","2025-05-22T05:03:37Z","True","False","disableLegacyUserImpersonationResource","","Application","cf74c28f-b71b-4588-b74d-9476484c25fa"
"SharePoint Framework Azure AD Helper","2025-05-22T04:59:32Z","True","False","disableAcceptingTenantedPassthroughTokens,disableRequestingTenantedPassthroughTokens","https://uas.admin-npe.microsoft.com/_forms/spfxsinglesignon.aspx,https://uas.admin.cloud.dev.microsoft/_forms/spfxsinglesignon.aspx,https://sdf.admin.cloud.microsoft/_forms/spfxsinglesignon.aspx,https://admin.cloud.dev.microsoft/_forms/spfxsinglesignon.aspx,https://admin.cloud.microsoft/_forms/spfxsinglesignon.aspx,https://854jpt-admin.sharepoint.com/_forms/spfxsinglesignon.aspx","Application","37cd9261-ec0c-4eb5-8fc6-3ff76c3af546"
"SharePoint Online Web Client Extensibility","2025-05-22T04:59:31Z","True","False","disableAcceptingTenantedPassthroughTokens,disableRequestingTenantedPassthroughTokens","https://uas.admin-npe.microsoft.com/_forms/spfxsinglesignon.aspx,https://uas.admin.cloud.dev.microsoft/_forms/spfxsinglesignon.aspx,https://sdf.admin.cloud.microsoft/_forms/spfxsinglesignon.aspx,https://admin.cloud.dev.microsoft/_forms/spfxsinglesignon.aspx,https://admin.cloud.microsoft/_forms/spfxsinglesignon.aspx,brk-d326c1ce-6cc6-4de2-bebc-4591e5e13ef0://854jpt-my.sharepoint.com,brk-f05ff7c9-f75a-4acd-a3b5-f4b6a870245d://854jpt-my.sharepoint.com,brk-multihub://854jpt-my.sharepoint.com,https://onedrive.cloud.microsoft/_forms/spfxsinglesignon.aspx,brk-d326c1ce-6cc6-4de2-bebc-4591e5e13ef0://854jpt.sharepoint.com,brk-f05ff7c9-f75a-4acd-a3b5-f4b6a870245d://854jpt.sharepoint.com,brk-multihub://854jpt.sharepoint.com,https://854jpt.sharepoint.com/_forms/spfxsinglesignon.aspx,https://854jpt-admin.sharepoint.com/_forms/spfxsinglesignon.aspx,https://854jpt-my.sharepoint.com/_forms/spfxsinglesignon.aspx","Application","514c09dd-e163-4e01-bac5-addc24d9c321"
"Device Registration Service","2025-05-22T04:58:36Z","True","False","disableAcceptingTenantedPassthroughTokens,disableRequestingTenantedPassthroughTokens","https://login.windows.net/WebApp/CloudDomainJoin/4,https://login.windows.net/WebApp/CloudDomainJoin/3,https://login.microsoftonline.com/WebApp/CloudDomainJoin/4,https://login.microsoftonline.com/WebApp/CloudDomainJoin/3,https://enterpriseregistration.windows.net/enrollmentserver/otaprofile/,https://enterpriseregistration.microsoftonline.us/enrollmentserver/otaprofile/","Application","657a0a15-7b0f-4cf3-8439-ae790a36ee83"
"PowerApps Service","2025-05-22T04:58:09Z","True","False","disableAcceptingTenantedPassthroughTokens,disableRequestingTenantedPassthroughTokens,disableLegacyUserImpersonationClient","https://api.powerapps.com,https://service.powerapps.com","Application","9334edf0-70ab-48be-a6de-88cda84ca77b"
"Microsoft Teams User Profile Search Service","2025-05-22T04:58:08Z","True","False","","","Application","1d5ea301-051f-42b8-8c7e-97b31059a87d"
"Microsoft Teams AuditService","2025-05-22T04:58:08Z","True","False","disableLegacyUserImpersonationResource,disableLegacyUserImpersonationClient","","Application","869993ff-28e3-44a6-8283-09538d5cea3e"
"Microsoft Teams Graph Service","2025-05-22T04:58:07Z","True","False","","","Application","8b77ae31-4bd4-4b59-9615-145239e51791"
"Request Approvals Read Platform","2025-05-22T04:58:04Z","True","False","","","Application","fd6ac20f-1902-476f-b5e0-a7ca434ae55a"
"Windows 365","2025-05-22T04:58:03Z","True","False","","","Application","95afd786-eaa1-4f69-bb57-f3e86a44029b"
"Azure AD Identity Governance - Entitlement Management","2025-05-22T04:58:03Z","True","False","","https://myaccess.microsoft.com/,https://myaccess.canary.microsoft.com","Application","82f7afc9-fbef-404d-9878-07eaa569a924"
"Azure AD Notification","2025-05-22T04:58:03Z","True","False","disableLegacyUserImpersonationResource,disableLegacyUserImpersonationClient","http://localhost,https://ww.notify.iga.azure.net","Application","4333b4a8-cb68-467e-8774-4b0392165f4a"
"Microsoft Flow Service","2025-05-22T04:58:03Z","True","False","disableAcceptingTenantedPassthroughTokens,disableRequestingTenantedPassthroughTokens","https://flow.microsoft.com","Application","37823d38-7c0c-4072-a569-2fca285d9670"
"Microsoft Flow CDS Integration Service","2025-05-22T04:58:03Z","True","False","","https://tip2.flow.microsoft.com,https://tip1.flow.microsoft.com,https://flow.microsoft.com","Application","e03a5209-c837-414c-9617-c4321592df04"
"Microsoft Teams AadSync","2025-05-22T04:58:02Z","True","False","disableLegacyUserImpersonationResource,disableLegacyUserImpersonationClient","","Application","b36ae77c-7e6b-4c33-aabb-90758c82509f"
"Virtual Visits App","2025-05-22T04:58:02Z","True","False","","https://healthcaredev.teams.microsoft.com/login-end,https://healthcaredev.teams.microsoft.com:11443/login-end,https://healthcare.teams.microsoft.com/scheduler-web/login-end,brk-multihub://healthcare.teams.microsoft.com","Application","acdeee97-ecad-4b87-b83d-15ac02fe13f2"
"Messaging Bot API Application","2025-05-22T04:58:02Z","True","False","","","Application","86b6faa6-cfd5-4bed-868d-4efd18cb44d5"
"Microsoft Teams ATP Service","2025-05-22T04:58:02Z","True","False","","","Application","e9d60b87-26af-4ddd-b865-329312062e57"
"Teams CMD Services and Data","2025-05-22T04:58:02Z","True","False","disableLegacyUserImpersonationClient,disableLegacyUserImpersonationResource","","Application","04c24e18-282f-492e-9544-60ed750c5e86"
"Skype Core Calling Service","2025-05-22T04:58:02Z","True","False","","https://api.cc.skype.com/","Application","ec205302-e2f2-4400-a7a9-0f1076acfe42"
"Azure Multi-Factor Auth Client","2025-05-22T04:58:02Z","True","False","disableLegacyUserImpersonationResource,disableLegacyUserImpersonationClient","","Application","994194c6-f662-4c1b-a971-a9db863352a6"
"Microsoft Information Protection API","2025-05-22T04:58:02Z","True","False","","","Application","e5f9e967-d73c-4893-86d4-2fc96f631a3d"
"Conferencing Virtual Assistant","2025-05-22T04:58:01Z","True","False","","","Application","a5c305f3-e7d3-472b-baf5-51a723570d05"
"MS Teams Griffin Assistant","2025-05-22T04:58:01Z","True","False","disableLegacyUserImpersonationClient,disableLegacyUserImpersonationResource","","Application","7c495272-94ad-46e3-8db7-3c53fb7b0431"
"Microsoft Teams - Teams And Channels Service","2025-05-22T04:58:01Z","True","False","","","Application","b07c1d28-e6d3-4eff-8414-862fed62b315"
"Conference Auto Attendant","2025-05-22T04:58:01Z","True","False","","","Application","b2a3a2ec-bd76-4942-a6a5-0a69c888c371"
"Microsoft Teams UIS","2025-05-22T04:58:01Z","True","False","disableLegacyUserImpersonationResource","","Application","ec0a88b8-9aeb-4559-af42-ea10e511dcf5"
"Skype Presence Service","2025-05-22T04:58:00Z","True","False","","","Application","6c81704f-1060-40dd-bee7-36d29686cdd0"
"WindowsUpdate-Service","2025-05-22T04:58:00Z","True","False","disableLegacyUserImpersonationResource,disableLegacyUserImpersonationClient","","Application","7038a866-4cc2-49aa-b6f3-da2f83852ebc"
"Microsoft Teams AuthSvc","2025-05-22T04:58:00Z","True","False","","","Application","ce120ed4-5557-4c53-a51d-5ceae23a4041"
"Skype Teams Calling API Service","2025-05-22T04:58:00Z","True","False","","","Application","6f72bccf-93c1-4202-a481-63fd254a2d73"
"Microsoft Windows AutoPilot Service API","2025-05-22T04:58:00Z","True","False","disableAcceptingTenantedPassthroughTokens,disableRequestingTenantedPassthroughTokens,disableLegacyUserImpersonationClient","https://public.wapd.microsoft.com/wapd","Application","7bdd5d28-4a4a-4d61-ad3c-a76f92bbf260"
"Microsoft Teams Chat Aggregator","2025-05-22T04:58:00Z","True","False","disableAcceptingTenantedPassthroughTokens,disableRequestingTenantedPassthroughTokens","https://chatsvcagg.gcc.teams.microsoft.com,https://chatsvcagg.teams.microsoft.com,https://chatsvcagg.dod.teams.microsoft.us,https://chatsvcagg.gov.teams.microsoft.us,https://csa.teams.microsoftonline.cn","Application","d3e64ce7-47e7-48fa-b02d-a1b60adc36b1"
"Configuration Manager Microservice","2025-05-22T04:58:00Z","True","False","disableAcceptingTenantedPassthroughTokens,disableRequestingTenantedPassthroughTokens,disableLegacyUserImpersonationClient,disableLegacyUserImpersonationResource","","Application","a3fb1576-83dc-44da-8174-a2b8f7ec2f79"
"Microsoft Intune SCCM Connector","2025-05-22T04:57:59Z","True","False","disableAcceptingTenantedPassthroughTokens,disableRequestingTenantedPassthroughTokens,disableLegacyUserImpersonationClient,disableLegacyUserImpersonationResource","","Application","3fe485d4-70c2-42a3-9a78-dcf79245c3b6"
"Microsoft Device Management EMM API","2025-05-22T04:57:59Z","True","False","disableAcceptingTenantedPassthroughTokens,disableRequestingTenantedPassthroughTokens,disableLegacyUserImpersonationClient,disableLegacyUserImpersonationResource","","Application","9945bf36-116e-4322-83b0-06f193a81894"
"Microsoft Device Management Checkin","2025-05-22T04:57:59Z","True","False","disableAcceptingTenantedPassthroughTokens,disableRequestingTenantedPassthroughTokens,disableLegacyUserImpersonationClient,disableLegacyUserImpersonationResource","","Application","56b32a00-4eca-4b6b-95bc-72d5bf356534"
"Microsoft Intune Service Discovery","2025-05-22T04:57:58Z","True","False","disableLegacyUserImpersonationClient,disableLegacyUserImpersonationResource","","Application","360c5f40-373d-406e-8c7c-172faaab13a3"
"Microsoft Approval Management","2025-05-22T04:57:58Z","True","False","disableAcceptingTenantedPassthroughTokens,disableRequestingTenantedPassthroughTokens","https://account.activedirectory.windowsazure.com","Application","173ef07e-94c1-4ab0-b187-f1f4d6f79dd6"
"Microsoft Mobile Application Management","2025-05-22T04:57:58Z","True","False","disableAcceptingTenantedPassthroughTokens,disableRequestingTenantedPassthroughTokens","","Application","2e074180-4b18-4ad0-a473-b8b33f21d26d"
"Microsoft Intune Advanced Threat Protection Integration","2025-05-22T04:57:58Z","True","False","disableAcceptingTenantedPassthroughTokens,disableRequestingTenantedPassthroughTokens,disableLegacyUserImpersonationClient,disableLegacyUserImpersonationResource","","Application","e6a03813-609e-48c2-92b7-2f07399712fc"
"DeploymentScheduler","2025-05-22T04:57:58Z","True","False","","","Application","4ef0017e-6f9f-44bf-9592-12f5d337a5c0"
"Intune CMDeviceService","2025-05-22T04:57:58Z","True","False","disableAcceptingTenantedPassthroughTokens,disableRequestingTenantedPassthroughTokens,disableLegacyUserImpersonationResource,disableLegacyUserImpersonationClient","","Application","cd08b83b-3cce-4204-9464-29e54798079e"
"Microsoft Intune API","2025-05-22T04:57:57Z","True","False","disableAcceptingTenantedPassthroughTokens,disableRequestingTenantedPassthroughTokens","","Application","4a4b4a39-8bd8-4d2c-8b4c-a3d8783e09dc"
"Microsoft Teams Services","2025-05-22T04:57:57Z","True","False","disableLegacyUserImpersonationResource","https://teams.microsoft.com","Application","e82e1314-551b-4363-b65d-6b069d2f9cfa"
"Teams NRT DLP Service","2025-05-22T04:57:57Z","True","False","","","Application","66471e17-420a-46ba-93a0-6367bcfae8f1"
"Meeting Migration Service","2025-05-22T04:57:57Z","True","False","disableLegacyUserImpersonationResource","","Application","ba53b47d-fcfb-4db7-8872-a11b7995d7ba"
"Teams NRT DLP Ingestion Service","2025-05-22T04:57:57Z","True","False","","","Application","49621b3b-9fb5-4a82-a3da-ae27694decdc"
"Skype and Teams Tenant Admin API","2025-05-22T04:57:57Z","True","False","","","Application","d25c1149-8c0f-49c3-a523-920183e0bd42"
"IC3 Long Running Operations Service","2025-05-22T04:57:56Z","True","False","","","Application","bb2ebb48-9aba-45cd-a480-758b944bd923"
"Office 365 Enterprise Insights","2025-05-22T04:57:56Z","True","False","","https://eus2-001.insights.office.net/health/signin-oidc,https://eus2-000.insights.office.net/health/signin-oidc,https://cus-001.insights.office.net/health/signin-oidc,https://cus-000.insights.office.net/health/signin-oidc,https://insights.office.net/health/signin-oidc,https://eus2-001.insights.office.net/inventory/signin-oidc,https://eus2-001.insights.office.net/,https://eus2-000.insights.office.net/inventory/signin-oidc,https://eus2-000.insights.office.net/,https://cus-001.insights.office.net/inventory/signin-oidc,https://cus-001.insights.office.net/,https://cus-000.insights.office.net/inventory/signin-oidc,https://cus-000.insights.office.net/,https://insights.office.net/inventory/signin-oidc,https://insights.office.net/,https://config.office.com/,https://health.insights.office.net/,https://health.insights.office.net/health/signin-oidc,https://accessibilityreport.office.net/accessibility-insights/app/auth-end.html?clientId=f9d02341-e7aa-456d-926d-4a0ca599fbee","Application","8fba09df-9ef6-4b80-bcc7-7c18db2783b1"
"MicrosoftEndpointDLP","2025-05-22T04:57:56Z","True","False","","https://api.securitycenter.windows.com/","Application","5a458538-2824-4d67-b5a7-28fb642f6d83"
"Microsoft O365 Scuba","2025-05-22T04:57:56Z","True","False","disableLegacyUserImpersonationResource,disableLegacyUserImpersonationClient","","Application","f5f88da9-393f-4349-abcc-62eaf77c6d9f"
"Microsoft To-Do","2025-05-22T04:57:56Z","True","False","","","Application","94cd059d-a487-4018-aa02-162587ce6c58"
"Customer Service Trial PVA","2025-05-22T04:57:55Z","True","False","","","Application","1806ffcd-2df2-420a-894e-596cdddc17fa"
"Dynamics Data Integration","2025-05-22T04:57:55Z","True","False","","https://tip.dataintegrator.trafficmanager.net/dualWrite,https://dataintegrator.trafficmanager.net/dualWrite,https://dataintegrator.trafficmanager.net/oauth,https://dataintegratorgccui.usgovtrafficmanager.net/dualWrite","Application","7e20357a-7d59-4191-b421-98266e2e3e02"
"Customer Experience Platform PROD","2025-05-22T04:57:55Z","True","False","","","Application","f49cffb7-f8e7-4ea7-8984-4630e863535b"
"SalesInsightsWebApp","2025-05-22T04:57:55Z","True","False","","https://tip.sales.ai.dynamics.com/callback/,https://ejpn.sales.ai.dynamics.com/callback/,https://cind.sales.ai.dynamics.com/callback/,https://seapj.sales.ai.dynamics.com/callback/,https://eoce.sales.ai.dynamics.com/callback/,https://gbr.sales.ai.dynamics.com/callback/,https://cfra.sales.ai.dynamics.com/callback/,https://nam.sales.ai.dynamics.com/callback/,https://nam2.sales.ai.dynamics.com/callback/,https://sales.ai.dynamics.com,https://tip.sales.ai.dynamics.com,https://sales.ai.dynamics.com/authentication,https://tip.sales.ai.dynamics.com/authentication,https://tip1.sales.ai.dynamics.com/callback/,https://swiss.sales.ai.dynamics.com/callback/,https://ui-nam.sales.ai.dynamics.com,https://ui-nam2.sales.ai.dynamics.com,https://ui-eoce.sales.ai.dynamics.com,https://ui-ejpn.sales.ai.dynamics.com,https://ui-cind.sales.ai.dynamics.com,https://ui-gbr.sales.ai.dynamics.com,https://ui-cfra.sales.ai.dynamics.com,https://ui-weur.sales.ai.dynamics.com,https://ui-swiss.sales.ai.dynamics.com,https://ui-ccan.sales.ai.dynamics.com,https://ui-seapj.sales.ai.dynamics.com,https://ui-nam.sales.ai.dynamics.com/authentication,https://ui-nam2.sales.ai.dynamics.com/authentication,https://ui-eoce.sales.ai.dynamics.com/authentication,https://ui-ejpn.sales.ai.dynamics.com/authentication,https://ui-cind.sales.ai.dynamics.com/authentication,https://ui-gbr.sales.ai.dynamics.com/authentication,https://ui-cfra.sales.ai.dynamics.com/authentication,https://ui-weur.sales.ai.dynamics.com/authentication,https://ui-swiss.sales.ai.dynamics.com/authentication,https://ui-ccan.sales.ai.dynamics.com/authentication,https://ui-seapj.sales.ai.dynamics.com/authentication,https://ui-ssam.sales.ai.dynamics.com,https://ui-ssam.sales.ai.dynamics.com/authentication,https://ui-nzaf.sales.ai.dynamics.com,https://ui-nzaf.sales.ai.dynamics.com/authentication,https://ui-nuae.sales.ai.dynamics.com,https://ui-nuae.sales.ai.dynamics.com/authentication,https://login.microsoftonline.com/common/oauth2/nativeclient,https://ui-tip1.sales.ai.dynamics.com/authentication,https://ui-tip1.sales.ai.dynamics.com,https://tip1.sales.ai.dynamics.com,https://csc-dev-usa.sales.ai.dynamics.com,https://csc-dev-usa.sales.ai.dynamics.com/callback/,https://csc-dev-usa.sales.ai.dynamics.com/callback,https://ui-csc-dev-usa.sales.ai.dynamics.com,https://ui-csc-dev-usa.sales.ai.dynamics.com/authentication,https://ger.sales.ai.dynamics.com,https://ger.sales.ai.dynamics.com/callback/,https://ui-ger.sales.ai.dynamics.com/authentication,https://ui-ger.sales.ai.dynamics.com","Application","ef76836a-d955-455b-95ea-650f02fb05ab"
"Customer Service Trial PVA - readonly","2025-05-22T04:57:55Z","True","False","","","Application","8b202568-d3fa-4df2-824b-87f1b4595149"
"PowerApps-Advisor","2025-05-22T04:57:55Z","True","False","disableLegacyUserImpersonationResource","","Application","7421d2bb-fadc-4faa-aa7d-c45bca45a157"
"Dynamics Lifecycle services","2025-05-22T04:57:54Z","True","False","disableRequestingTenantedPassthroughTokens,disableAcceptingTenantedPassthroughTokens","https://bpm.lcs.dynamics.com,https://cat.lcs.dynamics.com,https://diag.lcs.dynamics.com,https://fix.lcs.dynamics.com,https://sizing.lcs.dynamics.com,https://update.lcs.dynamics.com,https://support.lcs.dynamics.com,https://p2.lcs.int.dynamics.com,https://p2.lcs.dynamics.com,https://support.p2.lcs.dynamics.com,https://update.p2.lcs.dynamics.com,https://sizing.p2.lcs.dynamics.com,https://fix.p2.lcs.dynamics.com,https://diag.p2.lcs.dynamics.com,https://cat.p2.lcs.dynamics.com,https://bpm.p2.lcs.dynamics.com,https://support.p2.lcs.int.dynamics.com,https://update.p2.lcs.int.dynamics.com,https://sizing.p2.lcs.int.dynamics.com,https://fix.p2.lcs.int.dynamics.com,https://diag.p2.lcs.int.dynamics.com,https://cat.p2.lcs.int.dynamics.com,https://bpm.p2.lcs.int.dynamics.com,https://support.lcs.int.dynamics.com,https://update.lcs.int.dynamics.com,https://sizing.lcs.int.dynamics.com,https://fix.lcs.int.dynamics.com,https://diag.lcs.int.dynamics.com,https://cat.lcs.int.dynamics.com,https://bpm.lcs.int.dynamics.com,https://diag.sa.lcs.dynamics.com,https://bpm.sa.lcs.dynamics.com,https://support.sa.lcs.dynamics.com,https://update.sa.lcs.dynamics.com,https://sizing.sa.lcs.dynamics.com,https://sa.lcs.dynamics.com,https://diag.uae.lcs.dynamics.com,https://bpm.uae.lcs.dynamics.com,https://support.uae.lcs.dynamics.com,https://update.uae.lcs.dynamics.com,https://sizing.uae.lcs.dynamics.com,https://uae.lcs.dynamics.com,https://fix.fr.lcs.dynamics.com,https://diag.fr.lcs.dynamics.com,https://bpm.fr.lcs.dynamics.com,https://support.fr.lcs.dynamics.com,https://update.fr.lcs.dynamics.com,https://sizing.fr.lcs.dynamics.com,https://fr.lcs.dynamics.com,https://lcs.dynamics.com,https://lcs.int.dynamics.com,https://eu.lcs.dynamics.com,https://fix.eu.lcs.dynamics.com,https://sizing.eu.lcs.dynamics.com,https://diag.eu.lcs.dynamics.com,https://update.eu.lcs.dynamics.com,https://support.eu.lcs.dynamics.com,https://bpm.eu.lcs.dynamics.com,https://gov.lcs.microsoftdynamics.us,https://bpm.gov.lcs.microsoftdynamics.us,https://diag.gov.lcs.microsoftdynamics.us,https://fix.gov.lcs.microsoftdynamics.us,https://sizing.gov.lcs.microsoftdynamics.us,https://update.gov.lcs.microsoftdynamics.us,https://support.gov.lcs.microsoftdynamics.us,https://ch.lcs.dynamics.com,https://sizing.ch.lcs.dynamics.com,https://update.ch.lcs.dynamics.com,https://support.ch.lcs.dynamics.com,https://bpm.ch.lcs.dynamics.com,https://fix.ch.lcs.dynamics.com,https://no.lcs.dynamics.com,https://sizing.no.lcs.dynamics.com,https://update.no.lcs.dynamics.com,https://support.no.lcs.dynamics.com,https://bpm.no.lcs.dynamics.com,https://fix.no.lcs.dynamics.com,https://diag.no.lcs.dynamics.com","Application","8de0e5b7-1226-4929-b621-18a94ec466e9"
"MIP Exchange Solutions - Teams","2025-05-22T04:57:53Z","True","False","","","Application","6904dac7-9a62-4355-aae5-4e998059853b"
"MIP Exchange Solutions - SPO","2025-05-22T04:57:53Z","True","False","","","Application","8d946116-e431-4f2c-8cc6-2fad56c0eeac"
"WeveEngine","2025-05-22T04:57:53Z","True","False","disableLegacyUserImpersonationResource,disableLegacyUserImpersonationClient","","Application","365c3975-9159-4406-af88-2286fafaa646"
"MIP Exchange Solutions - ODB","2025-05-22T04:57:53Z","True","False","","","Application","219442b6-bc01-4eb0-aa08-01ea84a4545d"
"Cortana Runtime Service","2025-05-22T04:57:52Z","True","False","","","Application","d74c246d-6056-487f-9681-91efe23d1181"
"Office 365 Information Protection","2025-05-22T04:57:52Z","True","False","","","Application","9e80320e-2184-405e-be4f-367c8b076846"
"Office365 Zoom","2025-05-22T04:57:52Z","True","False","","https://aedrouting.ediscovery.office.com,https://zoom-cs-prodeuss1.ediscovery.office.com,https://cus01aedrouting.ediscovery.office.com,https://office365zoom.cloudapp.net,https://zoom-cs-prodeuss1.cloudapp.net,https://wus2.proxyservice.ediscovery.office365.com/signin-oidc,https://wus.proxyservice.ediscovery.office365.com/signin-oidc,https://eus.proxyservice.ediscovery.office365.com/signin-oidc,https://cus.proxyservice.ediscovery.office365.com/signin-oidc,https://weur.proxyservice.ediscovery.office365.com/signin-oidc,https://seas.proxyservice.ediscovery.office365.com/signin-oidc,https://ncus.proxyservice.ediscovery.office365.com/signin-oidc,https://scus.proxyservice.ediscovery.office365.com/signin-oidc,https://gcc.proxyservice.ediscovery.office365.com/signin-oidc,https://routing-gcc01.usgovcloudapp.net/,https://neur.proxyservice.ediscovery.office365.com/signin-oidc,https://jpe.proxyservice.ediscovery.office365.com/signin-oidc,https://sdf1.proxyservice.ediscovery.svc.cloud.microsoft/signin-oidc,https://sdf2.proxyservice.ediscovery.svc.cloud.microsoft/signin-oidc,https://msit1.proxyservice.ediscovery.svc.cloud.microsoft/signin-oidc,https://msit2.proxyservice.ediscovery.svc.cloud.microsoft/signin-oidc,https://nam1.proxyservice.ediscovery.svc.cloud.microsoft/signin-oidc,https://nam2.proxyservice.ediscovery.svc.cloud.microsoft/signin-oidc,https://eur1.proxyservice.ediscovery.svc.cloud.microsoft/signin-oidc,https://eur2.proxyservice.ediscovery.svc.cloud.microsoft/signin-oidc,https://apc1.proxyservice.ediscovery.svc.cloud.microsoft/signin-oidc,https://apc2.proxyservice.ediscovery.svc.cloud.microsoft/signin-oidc,https://gccm1.proxyservice.ediscoverysvc.office365.us/signin-oidc,https://gccm2.proxyservice.ediscoverysvc.office365.us/signin-oidc,https://sdf.proxyservice.ediscovery.svc.cloud.microsoft/signin-oidc,https://msit.proxyservice.ediscovery.svc.cloud.microsoft/signin-oidc,https://nam.proxyservice.ediscovery.svc.cloud.microsoft/signin-oidc,https://eur.proxyservice.ediscovery.svc.cloud.microsoft/signin-oidc,https://apc.proxyservice.ediscovery.svc.cloud.microsoft/signin-oidc,https://gccm.proxyservice.ediscoverysvc.office365.us/signin-oidc","Application","709de5b8-d56b-40e6-b093-34600694ee0a"
"Microsoft Information Protection Sync Service","2025-05-22T04:57:51Z","True","False","","","Application","0a85e3c3-7e90-4a26-8c35-bb3f7687d2c9"
"Connectors","2025-05-22T04:57:51Z","True","False","disableAcceptingTenantedPassthroughTokens,disableRequestingTenantedPassthroughTokens","https://login.microsoftonline.com/common/oauth2/nativeclient,https://outlook.office.com/connectors/signin-oidc,https://outlook.office.com/connectors/signin-yammer-oidc,https://outlook.office.com/connectors/signin-dynamics-oidc,https://outlook.office365.com/connectors/signin-oidc,https://outlook.office.com/connectors/signin-forms-oidc,https://outlook.office.com/connectors/signin-opaypartnerportal-oidc,https://outlook-sdf.office.com/mail/spaExtSSO.html,https://outlook.office365.com/mail/spaExtSSO.html,https://outlook.office.com/mail/spaExtSSO.html,https://outlook.cloud.microsoft/mail/spaExtSSO.html,https://sdf.outlook.cloud.microsoft/mail/spaExtSSO.html,ms-appx-web://Microsoft.AAD.BrokerPlugin/48af08dc-f6d2-435f-b2a7-069abd99c086","Application","c0cfae36-ec53-4541-b069-bd1a40780ba4"
"Microsoft Service Trust","2025-05-22T04:57:50Z","True","False","disableAcceptingTenantedPassthroughTokens,disableRequestingTenantedPassthroughTokens","https://stp-api-appservice-eastus-prod.azurewebsites.net,https://stp-api-appservice-westus-prod.azurewebsites.net,https://api.servicetrust.microsoft.com/api/login","Application","1722544a-664a-4be3-bbed-4d78f7984b66"
"IPSubstrate","2025-05-22T04:57:49Z","True","False","disableLegacyUserImpersonationClient,disableLegacyUserImpersonationResource","","Application","77039758-d798-4ea4-be97-b4b72937ff96"
"OneProfile Service","2025-05-22T04:57:49Z","True","False","disableLegacyUserImpersonationResource,disableLegacyUserImpersonationClient","","Application","7451cea9-8ee4-4a40-8b51-30ccf69ad10b"
"O365 Secure Score","2025-05-22T04:57:49Z","True","False","","","Application","e186cabd-cf47-4df8-bff3-f4a549e31430"
"Cortana at Work Service","2025-05-22T04:57:48Z","True","False","disableAcceptingTenantedPassthroughTokens,disableRequestingTenantedPassthroughTokens","","Application","8e291fcc-6175-42e3-b857-9088c2e820c7"
"Microsoft Forms","2025-05-22T04:57:48Z","True","False","","https://forms.office.com/landing,https://forms.microsoft.com/landing,https://customervoice.microsoft.com/landing,https://customervoice.microsoft.us/landing,https://tip.customervoice.microsoft.com/landing,https://forms.office.com/pages/SpaAuthPopupPage.html,https://forms.microsoft.com/pages/SpaAuthPopupPage.html,https://forms.cloud.microsoft/landing,https://tip2.customervoice.microsoft.com/landing,https://forms.cloud.microsoft/,https://tip.customervoice.microsoft.com/,https://customervoice.microsoft.us/,https://customervoice.microsoft.com/,https://forms.microsoft.com/,https://forms.office.com/,https://tip2.customervoice.microsoft.com/,https://teams.microsoft.com/api/platform/v1.0/oAuthConsentRedirect","Application","9196cb8b-12cb-4c68-a853-6948320f973d"
"OCaaS Worker Services","2025-05-22T04:57:46Z","True","False","","https://agents.config.office.net,https://agents.config.office.net/","Application","6a36f63d-4093-40b7-9104-c7446f5e1f0c"
"OCaaS Client Interaction Service","2025-05-22T04:57:46Z","True","False","","https://clients.config.office.net/,https://clients.config.office.net,https://clients.config.gcc.office.net/,https://clients.config.gcc.office.net","Application","8b3d2704-667d-450d-82a8-01b6db8a13ee"
"Privacy Management","2025-05-22T04:57:46Z","True","False","","","Application","233d043b-079f-4937-8956-a0f267393647"
"OCaaS Experience Management Service","2025-05-22T04:57:46Z","True","False","","https://config.office.net,https://config.office.net/","Application","77bd05ec-a999-412c-b068-1ffeeee70545"
"Dataverse","2025-05-22T04:57:46Z","True","False","","https://by2--namcrmlivesg614.crm.dynamics.com/,https://bn1--namcrmlivesg601.crm.dynamics.com/,https://frs--fracrmlivesg603.crm12.dynamics.com/,https://frc--fracrmlivesg601.crm12.dynamics.com/,https://lon--gbrcrmlivesg602.crm11.dynamics.com/,https://cwl--gbrcrmlivesg601.crm11.dynamics.com/,https://tp1--tipcrmlivesg832.crm10.dynamics.com/,https://maa--indcrmlivesg605.crm8.dynamics.com/,https://pnq--indcrmlivesg604.crm8.dynamics.com/,https://tyo--jpncrmlivesg604.crm7.dynamics.com/,https://osa--jpncrmlivesg602.crm7.dynamics.com/,https://syd--ocecrmlivesg602.crm6.dynamics.com/,https://mel--ocecrmlivesg601.crm6.dynamics.com/,https://sg1--apjcrmlivesg605.crm5.dynamics.com/,https://hkn--apjcrmlivesg601.crm5.dynamics.com/,https://db3--eurcrmlivesg611.crm4.dynamics.com/,https://ams--eurcrmlivesg610.crm4.dynamics.com/,https://yto--cancrmlivesg607.crm3.dynamics.com/,https://yqb--cancrmlivesg606.crm3.dynamics.com/,https://cpq--samcrmlivesg601.crm2.dynamics.com/","Application","13e5f6da-4a93-439e-a21d-5cae6ec9670e"
"SharePoint Home Notifier","2025-05-22T04:57:33Z","True","False","","","Application","0d4a5e8d-7629-40bf-b7ae-f3008c938096"
"Substrate-FileWatcher","2025-05-22T04:57:33Z","True","False","disableLegacyUserImpersonationResource,disableLegacyUserImpersonationClient","","Application","bb3b3290-f233-49de-a3f6-149a143b16c5"
"Media Analysis and Transformation Service","2025-05-22T04:57:33Z","True","False","disableAcceptingTenantedPassthroughTokens,disableRequestingTenantedPassthroughTokens,disableLegacyUserImpersonationResource,disableLegacyUserImpersonationClient","","Application","9d568e10-09c7-4e22-9bd7-c952a48b6289"
"SPAuthEvent","2025-05-22T04:57:33Z","True","False","","","Application","bd4d7ca6-5d79-4668-921c-615037cd1ce6"
"Microsoft SharePoint Online - SharePoint Home","2025-05-22T04:57:32Z","True","False","disableLegacyUserImpersonationClient","","Application","9f64c605-cf6f-4241-a2b7-fa72cef8140a"
"PushChannel","2025-05-22T04:57:30Z","True","False","disableLegacyUserImpersonationClient,disableLegacyUserImpersonationResource","","Application","fd65537e-1a8d-466f-be8f-ebffdcd1d9cc"
"Office Shredding Service","2025-05-22T04:57:30Z","True","False","disableLegacyUserImpersonationClient,disableLegacyUserImpersonationResource","https://shredder.osi.office.net,urn:ietf:wg:oauth:2.0:oob,https://shredder-gcc.osi.office.net","Application","ef415f0c-740b-4fed-bc71-069db66bb07e"
"Office 365 Management APIs","2025-05-22T04:57:28Z","True","False","","https://manage.office.com","Application","894aa8d1-eaa9-4241-ac18-892413e4b793"
"SharePoint Notification Service","2025-05-22T04:57:28Z","True","False","disableLegacyUserImpersonationResource,disableLegacyUserImpersonationClient","","Application","ec8a77f3-58bf-4507-b6f8-31a7004e8f4b"
"OfficeClientService","2025-05-22T04:57:28Z","True","False","disableAcceptingTenantedPassthroughTokens,disableRequestingTenantedPassthroughTokens,disableLegacyUserImpersonationClient","","Application","3367f598-f5a5-4d2d-86f1-55f1ed5931a3"
"Microsoft Exchange Online Protection","2025-05-22T04:57:28Z","True","False","","https://admin.protection.outlook.com/ExtendedReport/CallBack","Application","9a7c66c3-0955-4577-8b6f-a9f2df7ef786"
"Power BI Service","2025-05-22T04:57:27Z","True","False","disableRequestingTenantedPassthroughTokens,disableAcceptingTenantedPassthroughTokens","","Application","0cba62da-47f8-40e8-a4aa-aeedeec8ce38"
"Microsoft Azure Workflow","2025-05-22T04:57:26Z","True","False","disableLegacyUserImpersonationClient","","Application","07a1e150-dedf-476f-a9bc-d0aa2d7dd0d4"
"Microsoft Threat Protection","2025-05-22T04:57:26Z","True","False","","","Application","f3eb0e87-6f08-4c97-a909-642d1560accf"
"Microsoft Office 365 Portal","2025-05-22T04:57:26Z","True","False","disableAcceptingTenantedPassthroughTokens,disableRequestingTenantedPassthroughTokens","https://admin-ignite.microsoft.com/landing,https://wukportal.office.com/landing,https://eusportal.office.com/landing,https://wusportal.office.com/landing,https://seaportal.office.com/landing,https://scuportal.office.com/landing,https://weuportal.office.com/landing,https://ncuportalprv.office.com/landing,https://scuportalprv.office.com/landing,https://portal-sdf.office.com/landing,https://portal.office.com/landing,https://wusportalprv.office.com/landing,https://admin.microsoft.com/landing,https://admin.microsoft365.com/landing,https://frcportal.office.com/landing,https://portal.microsoftonline.com/landing,https://cusportal.office.com/landing,https://eauportal.office.com/landing,https://wjpnportal.office.com/landing,https://admin-sdf.microsoft.com/landing,https://portal.microsoft.com/landing,https://wjpportal.office.com/landing,https://indportal.office.com/landing,https://brzportal.office.com/landing,https://admin.microsoft.com/prelanding,https://helpdeskbusinessassist.microsoft.com/landing,https://businessassist.microsoft.com/landing,https://m365.admin.cloud.microsoft/prelanding,https://m365.admin.cloud.microsoft/landing","Application","a9f764bf-7d50-44e2-8fe2-88b687d5f334"
"Azure Multi-Factor Auth Connector","2025-05-22T04:57:20Z","True","False","disableLegacyUserImpersonationClient","","Application","a871f7c2-a585-49f7-9efe-8c8d7897e4f5"
"ProjectWorkManagement","2025-05-22T04:57:20Z","True","False","disableAcceptingTenantedPassthroughTokens,disableRequestingTenantedPassthroughTokens","https://planner.cloud.microsoft/auth/redirectbridge,https://planner.cloud.microsoft/auth/redirectbridge2,https://canary.planner.cloud.dev.microsoft/auth/redirectbridge,https://canary.planner.cloud.dev.microsoft/auth/redirectbridge2,https://login.microsoftonline.com/common/oauth2/nativeclient,https://tasks.office.com/landing,https://canary.tasks.office.net/landing,https://tasks.office.com/auth/msalredirect,https://canary.tasks.office.net/auth/msalredirect,https://canary.tasks.office.net/auth/msalredirect2,https://tasks.office.com/auth/msalredirect2,https://canary.planner.cloud.dev.microsoft/landing,https://canary.planner.cloud.dev.microsoft/auth/msalredirect2,https://canary.planner.cloud.dev.microsoft/auth/msalredirect,https://planner.cloud.microsoft/landing,https://planner.cloud.microsoft/auth/msalredirect,https://planner.cloud.microsoft/auth/msalredirect2","Application","710526f0-3fdc-4e45-a462-8ecd17bf6d42"
"Azure Advanced Threat Protection","2025-05-22T04:57:20Z","True","False","disableAcceptingTenantedPassthroughTokens,disableRequestingTenantedPassthroughTokens,disableLegacyUserImpersonationResource","","Application","af8ff054-103f-4877-80fa-4f9307b69595"
"Microsoft Rights Management Services","2025-05-22T04:57:20Z","True","False","","","Application","fe760d02-44a9-47a8-93f4-86ea3bdd80b9"
"Microsoft Intune","2025-05-22T04:57:19Z","True","False","disableAcceptingTenantedPassthroughTokens,disableRequestingTenantedPassthroughTokens","https://manage-beta.microsoft.com,https://manage.microsoft.com,https://manage-selfhost.microsoft.com,https://portal.manage.microsoft.com/WebCP/signin-oidc","Application","c9477e85-68c8-475b-b749-a8d39fd37aa6"
"Microsoft Cloud App Security","2025-05-22T04:57:18Z","True","False","disableAcceptingTenantedPassthroughTokens,disableRequestingTenantedPassthroughTokens","https://portal.cloudappsecurity.com/oauth2/login,https://portal.cloudappsecurity.us/oauth2/login,https://portal.cloudappsecuritygov.com/oauth2/login","Application","1c466e52-842f-4e98-914d-2a46352c66b7"
"Skype for Business Online","2025-05-22T04:57:18Z","True","False","disableAcceptingTenantedPassthroughTokens,disableRequestingTenantedPassthroughTokens,disableLegacyUserImpersonationResource","","Application","2ba97af0-867d-4b2c-8629-259c8a7948bb"
"Sway","2025-05-22T04:57:18Z","True","False","disableAcceptingTenantedPassthroughTokens,disableRequestingTenantedPassthroughTokens","https://wus-www.sway.com/auth/signin,https://wus-www.sway.com,https://eus-www.sway.com/auth/signin,https://eus-www.sway.com,https://wus-001.directory.sway.com/,https://wus-001.directory.sway.com/auth/signin,https://wus-000.directory.sway.com/,https://wus-000.directory.sway.com/auth/signin,https://eus-001.directory.sway.com/,https://eus-001.directory.sway.com/auth/signin,https://eus-000.directory.sway.com/,https://eus-000.directory.sway.com/auth/signin,https://wus-001.www.sway.com,https://wus-001.www.sway.com/auth/signin,https://wus-000.www.sway.com,https://wus-000.www.sway.com/auth/signin,https://eus-002.www.sway.com,https://eus-002.www.sway.com/auth/signin,https://eus-001.www.sway.com,https://eus-001.www.sway.com/auth/signin,https://eus-000.www.sway.com,https://eus-000.www.sway.com/auth/signin,https://www.sway.com/auth/signin,https://sway.com/auth/signin,https://www.sway.com,https://sway.com,https://directory.sway.com/,https://www.sway.office.com/auth/signin,https://sway.office.com/auth/signin,https://www.sway.office.com,https://sway.office.com,https://eus-003.www.sway.com,https://eus-003.www.sway.com/auth/signin,https://weu-000.www.sway.com/auth/signin,https://weu-000.www.sway.com,https://weu-001.www.sway.com/auth/signin,https://weu-001.www.sway.com,https://weu-000.directory.sway.com/auth/signin,https://weu-000.directory.sway.com/,https://weu-001.directory.sway.com/auth/signin,https://weu-001.directory.sway.com/,https://weu-www.sway.com/auth/signin,https://weu-www.sway.com,https://neu-000.www.sway.com/auth/signin,https://neu-000.www.sway.com,https://neu-001.www.sway.com/auth/signin,https://neu-001.www.sway.com,https://neu-000.directory.sway.com/auth/signin,https://neu-000.directory.sway.com/,https://neu-001.directory.sway.com/auth/signin,https://neu-001.directory.sway.com/,https://neu-www.sway.com/auth/signin,https://neu-www.sway.com,https://www.sway.cloud.microsoft/auth/signin,https://sway.cloud.microsoft/auth/signin,https://www.sway.cloud.microsoft,https://sway.cloud.microsoft","Application","2ac69236-1425-4f84-9578-f778fa52a2f0"
"Viva Engage","2025-05-22T04:57:17Z","True","False","disableAcceptingTenantedPassthroughTokens,disableRequestingTenantedPassthroughTokens","https://api.yammer.com/,https://persona.yammer.com/office_sessions/,https://www.yammer.com/,https://www.yammer.com/aad_refresh/,https://beta-sdf.yammer.com,https://beta.yammer.com,https://beta.yammer.com/authredirect","Application","cc99fe9f-4f6b-4f9e-a952-57750a50a7a6"
"MIP Exchange Solutions","2025-05-22T04:57:17Z","True","False","","","Application","3eae5df1-0d9d-4880-8fca-cb1afd8d261e"
"M365 Label Analytics","2025-05-22T04:57:17Z","True","False","disableLegacyUserImpersonationResource","","Application","2ab7acb7-fd84-4a8d-8aae-49029de79cb7"
"Portfolios","2025-05-22T04:57:17Z","True","False","","https://oneproject-ppe-torus-scus-azsc-001.project.microsoft.com/auth/redirectbridge2,https://oneproject-ppe-torus-wcus-azsc-001.project.microsoft.com/auth/redirectbridge2,https://oneproject-ppe-torus-wcus-azsc-000.project.microsoft.com/auth/redirectbridge2,https://oneproject-ppe-torus-scus-azsc-000.project.microsoft.com/auth/redirectbridge2,https://portfolios.officeppe.com/auth/redirectbridge2,https://gcc.project.microsoft.com/auth/redirectbridge2,https://project.microsoft.com/auth/redirectbridge2,https://project-df.microsoft.com/auth/redirectbridge2,https://oneproject-ppe-torus-eus-azsc-000.project.microsoft.com/auth/redirectbridge2,https://oneproject-ppe-torus-wus-azsc-000.project.microsoft.com/auth/redirectbridge2,https://oneproject-ppe-torus-scus-azsc-001.project.microsoft.com/auth/redirectbridge,https://oneproject-ppe-torus-scus-azsc-001.project.microsoft.com/msal-redirect,https://oneproject-ppe-torus-wcus-azsc-001.project.microsoft.com/auth/redirectbridge,https://oneproject-ppe-torus-wcus-azsc-001.project.microsoft.com/msal-redirect,https://oneproject-ppe-torus-wcus-azsc-000.project.microsoft.com/auth/redirectbridge,https://oneproject-ppe-torus-wcus-azsc-000.project.microsoft.com/msal-redirect,https://oneproject-ppe-torus-scus-azsc-000.project.microsoft.com/auth/redirectbridge,https://oneproject-ppe-torus-scus-azsc-000.project.microsoft.com/msal-redirect,https://portfolios.officeppe.com/auth/redirectbridge,https://portfolios.officeppe.com/msal-redirect,https://gcc.project.microsoft.com/auth/redirectbridge,https://gcc.project.microsoft.com/msal-redirect,https://project.microsoft.com/auth/redirectbridge,https://project.microsoft.com/msal-redirect,https://project-df.microsoft.com/auth/redirectbridge,https://project-df.microsoft.com/msal-redirect,https://oneproject-ppe-torus-eus-azsc-000.project.microsoft.com/auth/redirectbridge,https://oneproject-ppe-torus-eus-azsc-000.project.microsoft.com/msal-redirect,https://oneproject-ppe-torus-wus-azsc-000.project.microsoft.com/auth/redirectbridge,https://oneproject-ppe-torus-wus-azsc-000.project.microsoft.com/msal-redirect,https://portfolio.microsoft.com,https://project.microsoft.com,https://project.microsoft.com/auth-expired,https://portfolios.officeppe.com,https://gcc.project.microsoft.com,https://project-df.microsoft.com,https://oneproject-prod-torus-sin-000.project.microsoft.com,https://oneproject-prod-torus-frs-001.project.microsoft.com,https://oneproject-prod-torus-cac-000.project.microsoft.com,https://oneproject-prod-torus-neu-azsc-000.project.microsoft.com,https://oneproject-prod-torus-weu-azsc-000.project.microsoft.com,https://oneproject-prod-torus-wus2-azsc-000.project.microsoft.com,https://oneproject-prod-torus-scus-azsc-000.project.microsoft.com,https://oneproject-ppe-torus-eus-azsc-000.project.microsoft.com,https://oneproject-ppe-torus-wus-azsc-000.project.microsoft.com,https://oneproject-prod-torus-eus-azsc-000.project.microsoft.com,https://oneproject-prod-torus-wus-azsc-000.project.microsoft.com,https://oneproject-ppe-torus-wus-azsc-000.project.microsoft.com/msal-redirect2,https://oneproject-ppe-torus-eus-azsc-000.project.microsoft.com/msal-redirect2,https://portfolios.officeppe.com/msal-redirect2,https://oneproject-ppe-torus-wus2-azsc-000.project.microsoft.com,https://oneproject-ppe-torus-wus2-azsc-000.project.microsoft.com/msal-redirect2,https://oneproject-ppe-torus-scus-azsc-000.project.microsoft.com,https://oneproject-ppe-torus-scus-azsc-000.project.microsoft.com/msal-redirect2,https://oneproject-prod-torus-wus2-azsc-000.project.microsoft.com/msal-redirect2,https://oneproject-prod-torus-scus-azsc-000.project.microsoft.com/msal-redirect2,https://oneproject-prod-torus-frs-001.project.microsoft.com/msal-redirect2,https://oneproject-prod-torus-sin-000.project.microsoft.com/msal-redirect2,https://oneproject-prod-torus-cac-000.project.microsoft.com/msal-redirect2,https://oneproject-prod-torus-wus-azsc-000.project.microsoft.com/msal-redirect2,https://oneproject-prod-torus-eus-azsc-000.project.microsoft.com/msal-redirect2,https://oneproject-prod-torus-neu-azsc-000.project.microsoft.com/msal-redirect2,https://oneproject-prod-torus-weu-azsc-000.project.microsoft.com/msal-redirect2,https://project-df.microsoft.com/msal-redirect2,https://project.microsoft.com/msal-redirect2,https://gcc.project.microsoft.com/msal-redirect2,https://oneproject-prod-torus-jpe-azsc-000.project.microsoft.com/msal-redirect2,https://oneproject-prod-torus-jpe-azsc-000.project.microsoft.com,https://oneproject-prod-torus-jpw-azsc-000.project.microsoft.com/msal-redirect2,https://oneproject-prod-torus-jpw-azsc-000.project.microsoft.com,https://oneproject-prod-torus-uks-azsc-000.project.microsoft.com/msal-redirect2,https://oneproject-prod-torus-uks-azsc-000.project.microsoft.com,https://oneproject-prod-torus-ukw-azsc-000.project.microsoft.com/msal-redirect2,https://oneproject-prod-torus-ukw-azsc-000.project.microsoft.com,https://oneproject-prod-torus-ause-azsc-000.project.microsoft.com/msal-redirect2,https://oneproject-prod-torus-ause-azsc-000.project.microsoft.com,https://oneproject-prod-torus-aue-azsc-000.project.microsoft.com/msal-redirect2,https://oneproject-prod-torus-aue-azsc-000.project.microsoft.com,https://oneproject-prod-torus-frc-azsc-000.project.microsoft.com/msal-redirect2,https://oneproject-prod-torus-frc-azsc-000.project.microsoft.com,https://oneproject-prod-torus-cin-azsc-000.project.microsoft.com/msal-redirect2,https://oneproject-prod-torus-cin-azsc-000.project.microsoft.com,https://oneproject-prod-torus-cae-azsc-000.project.microsoft.com/msal-redirect2,https://oneproject-prod-torus-cae-azsc-000.project.microsoft.com,https://oneproject-ppe-torus-wcus-azsc-000.project.microsoft.com/msal-redirect2,https://oneproject-ppe-torus-wcus-azsc-000.project.microsoft.com,https://oneproject-ppe-torus-wcus-azsc-001.project.microsoft.com,https://oneproject-ppe-torus-wcus-azsc-001.project.microsoft.com/msal-redirect2,https://oneproject-ppe-torus-scus-azsc-001.project.microsoft.com,https://oneproject-ppe-torus-scus-azsc-001.project.microsoft.com/msal-redirect2,https://oneproject-gcc-torus-usga-000.project.microsoft.com,https://oneproject-gcc-torus-usgv-000.project.microsoft.com,https://oneproject-gcc-torus-usga-000.project.microsoft.com/msal-redirect2,https://oneproject-gcc-torus-usgv-000.project.microsoft.com/msal-redirect2,https://portfolios-afd.officeppe.com/msal-redirect2,https://portfolios-afd.officeppe.com,https://oneproject-ppe-afd.trafficmanager.net,https://oneproject-ppe-afd.trafficmanager.net/msal-redirect2,https://project-afd-msit.project.microsoft.com,https://project-afd-eu.project.microsoft.com,https://project-afd-global.project.microsoft.com,https://project-afd-msit.project.microsoft.com/msal-redirect2,https://project-afd-eu.project.microsoft.com/msal-redirect2,https://project-afd-global.project.microsoft.com/msal-redirect2,https://project-afd-gcc.project.microsoft.com,https://project-afd-gcc.project.microsoft.com/msal-redirect2","Application","6e1d9048-fd1c-4456-b093-640caad77fa0"
"Microsoft Insider Risk Management","2025-05-22T04:57:17Z","True","False","","","Application","f0059c70-0deb-470e-b76c-e17b6f08e80d"
"Office 365 Exchange Online","2025-05-22T04:57:16Z","True","False","","https://sdfpilot.outlook.com/owa,https://outlook.office365.com/owa,https://outlook.cloud.microsoft,https://outlook-sdf.cloud.microsoft","Application","3234fc5f-2c32-4276-978a-5cb6920c3ff0"
"Bing","2025-05-22T04:57:16Z","True","False","disableAcceptingTenantedPassthroughTokens,disableRequestingTenantedPassthroughTokens,disableLegacyUserImpersonationResource","https://cn.bing.com,https://www.bing.com,https://2.bing.com,https://4.bing.com,https://6.bing.com,https://www2.bing.com,https://www4.bing.com,ms-appx-web://Microsoft.AAD.BrokerPlugin/9ea1ad79-fdb6-4f9a-8bc3-2b70f96e34c7,https://login.microsoftonline.com/common/oauth2/nativeclient,https://akam.bing.com,https://www.bing-exp.com/,https://www.bing-exp.com/orgid/idtoken,https://www4.bing.com/orgid/idtoken,https://www2.bing.com/orgid/idtoken,https://6.bing.com/orgid/idtoken,https://4.bing.com/orgid/idtoken,https://2.bing.com/orgid/idtoken,https://www.bing.com/orgid/idtoken,https://cn.bing.com/orgid/idtoken,https://akam.bing.com/orgid/idtoken,https://www4.bing.com/identity/idtoken,https://www.bing-exp.com/search,https://www4.bing.com/search,https://www2.bing.com/search,https://6.bing.com/search,https://4.bing.com/search,https://2.bing.com/search,https://www.bing.com/search,https://cn.bing.com/search,https://akam.bing.com/search,https://business.bing.com/api/v2/authtools/gettoken,https://copilotint.microsoft.com,https://copilot.microsoft.com,https://copilotint.microsoft.com/empty.html,https://copilotint.microsoft.com/version.aspx,https://copilot.microsoft.com/empty.html,https://copilot.microsoft.com/version.aspx,https://www.bing.com/identity/idtokenv2,https://akam.bing.com/identity/idtokenv2,https://www.bing-exp.com/identity/idtokenv2,https://www4.bing.com/identity/idtokenv2,https://www2.bing.com/identity/idtokenv2,https://6.bing.com/identity/idtokenv2,https://4.bing.com/identity/idtokenv2,https://2.bing.com/identity/idtokenv2,https://cn.bing.com/identity/idtokenv2,https://copilotint.microsoft.com/identity/idtokenv2,https://copilot.microsoft.com/identity/idtokenv2,https://edgeservices.bing.com/edgesvc/chat,https://copilot.microsoft.com/orgid/idtoken/silent,https://copilot.microsoft.com/orgid/idtoken/conditional,https://copilot.microsoft.com/orgid/idtoken/nosignin,https://copilot.microsoft.com/orgid/idtoken,https://www.bing.com/orgid/idtoken/silent,https://www.bing.com/orgid/idtoken/conditional,https://www.bing.com/orgid/idtoken/nosignin,https://2.bing.com/orgid/idtoken/silent,https://2.bing.com/orgid/idtoken/conditional,https://2.bing.com/orgid/idtoken/nosignin,https://4.bing.com/orgid/idtoken/silent,https://4.bing.com/orgid/idtoken/conditional,https://4.bing.com/orgid/idtoken/nosignin,https://6.bing.com/orgid/idtoken/silent,https://6.bing.com/orgid/idtoken/conditional,https://6.bing.com/orgid/idtoken/nosignin,https://www2.bing.com/orgid/idtoken/silent,https://www2.bing.com/orgid/idtoken/conditional,https://www2.bing.com/orgid/idtoken/nosignin,https://www4.bing.com/orgid/idtoken/silent,https://www4.bing.com/orgid/idtoken/conditional,https://www4.bing.com/orgid/idtoken/nosignin,https://cn.bing.com/orgid/idtoken/silent,https://cn.bing.com/orgid/idtoken/conditional,https://cn.bing.com/orgid/idtoken/nosignin,https://akam.bing.com/orgid/idtoken/silent,https://akam.bing.com/orgid/idtoken/conditional,https://akam.bing.com/orgid/idtoken/nosignin,https://www.bing-exp.com/orgid/idtoken/silent,https://www.bing-exp.com/orgid/idtoken/conditional,https://www.bing-exp.com/orgid/idtoken/nosignin,https://www.bing.com/signout-callback-oidc,https://copilot.microsoft.com/signout-callback-oidc,https://usgov.business.bing.com/api/v2/authtools/gettoken","Application","479c8494-a869-4daf-99b8-a95386214122"
"Office 365 SharePoint Online","2025-05-22T04:57:16Z","True","False","disableAcceptingTenantedPassthroughTokens,disableRequestingTenantedPassthroughTokens","https://854jpt-*.sharepoint.com/_forms/default.aspx,https://854jpt.sharepoint.com/_forms/default.aspx,https://onedrive.cloud.microsoft/_forms/default.aspx","Application","8dcb59f2-43d3-4add-a97b-41810ca3d952"
"Microsoft Graph Change Tracking","2025-05-22T04:57:14Z","True","False","","https://subscriptionstore.windows.net,https://subscriptionstore-prod.cloudapp.net,https://subscriptionstore.usgovcloudapi.net","Application","04ce270d-4a99-41d6-8f7e-0154d7e1b90d"
"MCAPI Authorization Prod","2025-05-22T04:57:13Z","True","False","disableLegacyUserImpersonationResource,disableLegacyUserImpersonationClient","","Application","61ba4485-9eef-4f23-a4e3-8ce063a8baf4"
"Microsoft.SMIT","2025-05-22T04:57:13Z","True","False","","","Application","1ffced67-c57d-454a-80f6-cf9eda357a79"
"AAD Request Verification Service - PROD","2025-05-22T04:57:13Z","True","False","","https://aadrvs-tip.msidentity.com/,https://aadrvs.msidentity.com/","Application","a4f0b561-da0b-4b54-80a0-11e8f535be54"
"AzureSupportCenter","2025-05-22T04:57:13Z","True","False","","https://microsoft.onmicrosoft.com/azurediagnostic,https://azuresupportcenter.msftcloudes.com","Application","192ad53e-ec15-4b98-80eb-67a76db04407"
"IAM Supportability","2025-05-22T04:57:13Z","True","False","","https://tip.dxp.aad.azure.com,https://tip.dxp.aad.azure.com/redirect.html,https://dxp.aad.azure.com/redirect.html,https://support.iam.ad.azure.com/redirect.html,https://support.iam.ad.azure.com,https://dxp.aad.azure.com,https://dxp.aad.azure.us","Application","4b78baa0-6485-4292-9667-f1cf5e589f28"
"OMSAuthorizationServicePROD","2025-05-22T04:57:09Z","True","False","","","Application","de9173f8-0790-4846-bc23-bbc2a796c965"
"Azure ESTS Service","2025-05-22T04:57:07Z","True","False","","","Application","cf226b47-579c-458c-8c3b-d45c01bdf36b"
"Microsoft Graph","2025-05-22T04:57:07Z","True","False","","","Application","3f2a49db-c4cd-4130-972f-30d8210eecaf"
"Office 365 Configure","2025-05-22T04:57:06Z","True","False","","","Application","1206b17c-4508-4811-854a-cf914a015f59"
"Azure Resource Manager","2025-05-22T04:57:06Z","True","False","","https://management.core.windows.net/","Application","e0ec6c70-b2e7-4be6-9098-e3cf623ec98b"
"Signup","2025-05-22T04:57:06Z","True","False","","https://signup.microsoft.com/landing,https://signup.microsoft.com/,https://prv.signup.microsoft.com/landing,https://prv.signup.microsoft.com/","Application","c3c44a5a-6d70-425b-98c1-bae6354cb251"
"Microsoft App Access Panel","2025-05-22T04:57:06Z","True","False","","https://account-tip.activedirectory.windowsazure.com/,https://account.activedirectory.windowsazure.com/,https://account.activedirectory.windowsazure.com/applications/redirecttoapplication.aspx,https://api.mysignins.microsoft.com/api/post/registerSsprMethodsInterrupt,https://mysignins.microsoft.com/api/post/registerSsprMethodsInterrupt,https://api.mysignins.microsoft.com/api/post/registerMfaMethods,https://mysignins.microsoft.com/api/post/registerMfaMethods,https://account.activedirectory.windowsazure.com/proofup.aspx","Application","72793a3e-2a18-42ad-812f-36c415773fc9"
"Windows Azure Active Directory","2025-05-22T04:57:05Z","True","False","","","Application","f6f3cacb-818a-4efd-9459-3d803fcee985"
