"Description","Enabled","Identity","InError","ErrorType","Name","Priority","RuleIdentity","SupportedByTask","Legacy","AnyCategory","ExceptIfAnyCategory","AssignedCategories","ExceptIfAssignedCategories","BodyContainsWords","ExceptIfBodyContainsWords","BulkCategory","ExceptIfBulkCategory","FlaggedForAction","ExceptIfFlaggedForAction","FromAddressContainsWords","ExceptIfFromAddressContainsWords","From","ExceptIfFrom","HasAttachment","ExceptIfHasAttachment","HasClassification","ExceptIfHasClassification","HeaderContainsWords","ExceptIfHeaderContainsWords","IsExternal","ExceptIfIsExternal","IsMentioned","ExceptIfIsMentioned","MessageTypeMatches","ExceptIfMessageTypeMatches","MyNameInCcBox","ExceptIfMyNameInCcBox","MyNameInToBox","ExceptIfMyNameInToBox","MyNameInToOrCcBox","ExceptIfMyNameInToOrCcBox","MyNameNotInToBox","ExceptIfMyNameNotInToBox","ReceivedAfterDate","ExceptIfReceivedAfterDate","ReceivedBeforeDate","ExceptIfReceivedBeforeDate","RecipientAddressContainsWords","ExceptIfRecipientAddressContainsWords","SentOnlyToMe","ExceptIfSentOnlyToMe","SentTo","ExceptIfSentTo","SubjectContainsWords","ExceptIfSubjectContainsWords","SubjectOrBodyContainsWords","ExceptIfSubjectOrBodyContainsWords","WithImportance","ExceptIfWithImportance","WithinSizeRangeMaximum","ExceptIfWithinSizeRangeMaximum","WithinSizeRangeMinimum","ExceptIfWithinSizeRangeMinimum","WithSensitivity","ExceptIfWithSensitivity","ApplyCategory","ApplySystemCategory","AutoReplyWithTemplate","ClearCategories","ClearFlag","CompleteFlag","CopyToFolder","DeleteMessage","DeleteSystemCategory","FlagMessage","ForwardAsAttachmentTo","ForwardTo","MarkAsRead","MarkImportance","MoveToFolder","PermanentDelete","PinMessage","RedirectTo","SendTextMessageNotificationTo","SoftDeleteMessage","StopProcessingRules","DisplayAlert","PlaySound","MailboxOwnerId","IsValid","ObjectState"
"If the message:
	the message was received from 'Lynne Robbins'
Take the following actions:
	move the message to folder 'From Lynne'
	and stop processing more rules on this message
","True","c561afd8-dc7e-4684-b3d2-95f9a71db908\21742954125197313","False","None","For all messages from Lynne Robbins","1","21742954125197313","True",,"False","False","","","","",,,,,"","","""Lynne Robbins"" [EX:/o=ExchangeLabs/ou=Exchange Administrative Group (FYDIBOHF23SPDLT)/cn=Recipients/cn=f75d16c3541240b3b03276bd62f758a5-ecd9e1c8-d1]",,"False","False",,,"","","False","False","False","False",,,"False","False","False","False","False","False","False","False",,,,,"","","False","False",,,"","","","",,,,,,,,,"","",,"False","False","False",,"False","",,,,"False",,"From Lynne","False","False",,"","False","True",,,"c561afd8-dc7e-4684-b3d2-95f9a71db908","True","Unchanged"
"If the message:
	the message was received from 'Joni Sherman'
Take the following actions:
	move the message to folder 'HR'
	and stop processing more rules on this message
","True","7989d942-4837-43e6-8fa4-f790acd7ada7\14191236136923299841","False","None","HR","1","14191236136923299841","True",,"False","False","","","","",,,,,"","","""Joni Sherman"" [EX:/o=ExchangeLabs/ou=Exchange Administrative Group (FYDIBOHF23SPDLT)/cn=Recipients/cn=82ce43f9f6474cd89e0273be6904be69-e9f32a80-3f]",,"False","False",,,"","","False","False","False","False",,,"False","False","False","False","False","False","False","False",,,,,"","","False","False",,,"","","","",,,,,,,,,"","",,"False","False","False",,"False","",,,,"False",,"HR","False","False",,"","False","True",,,"7989d942-4837-43e6-8fa4-f790acd7ada7","True","Unchanged"
"If the message:
	the message includes specific words in the subject or body 'invoice' or 'payment' or 'wire' or 'unauthorized' or 'overdue' or 'suspicious' or 'fraud'
Take the following actions:
	delete the message
	and stop processing more rules on this message
","True","1bd04873-b0e9-4e06-b762-ef4f65f724c9\13467810270994759681","False","None","..","1","13467810270994759681","True",,"False","False","","","","",,,,,"","",,,"False","False",,,"","","False","False","False","False",,,"False","False","False","False","False","False","False","False",,,,,"","","False","False",,,"","","invoice payment wire unauthorized overdue suspicious fraud","",,,,,,,,,"","",,"False","False","False",,"True","",,,,"False",,,"False","False",,"","False","True",,,"1bd04873-b0e9-4e06-b762-ef4f65f724c9","True","Unchanged"
