"RecordType","CreationDate","UserIds","Operations","AuditData","ResultIndex","ResultCount","AuditSearchRequestMetadata","Identity","IsValid","ObjectState"
"ExchangeAdmin","2026-07-24 09:37:52","PattiF@854jpt.onmicrosoft.com","Set-Mailbox","{""AppAccessContext"":{""AADSessionId"":""006e812a-7a51-1bfb-6f95-5c86f1a62e20"",""IssuedAtTime"":""2026-07-24T09:03:33"",""UniqueTokenId"":""kLkkc0xBO0u_JVaawaUEAA""},""CreationTime"":""2026-07-24T09:37:52"",""Id"":""4a5f14a9-318a-4894-f878-08dee9673be2"",""Operation"":""Set-Mailbox"",""OrganizationId"":""eb174bbc-fe94-4978-95b9-a616457dd489"",""RecordType"":1,""ResultStatus"":""True"",""UserKey"":""PattiF@854jpt.onmicrosoft.com"",""UserType"":2,""Version"":1,""Workload"":""Exchange"",""ClientIP"":""45.9.249.58:15384"",""ObjectId"":""1bd04873-b0e9-4e06-b762-ef4f65f724c9"",""UserId"":""PattiF@854jpt.onmicrosoft.com"",""AppId"":"""",""AppPoolName"":""MSExchangeOwaServerNetCore"",""ClientAppId"":"""",""CorrelationID"":"""",""ExternalAccess"":false,""OrganizationName"":""854jpt.onmicrosoft.com"",""OriginatingServer"":""BY5PR10MB3746 (15.21.0245.008)"",""Parameters"":[{""Name"":""Identity"",""Value"":""NAMPR10A011.PROD.OUTLOOK.COM\/Microsoft Exchange Hosted Organizations\/854jpt.onmicrosoft.com\/1bd04873-b0e9-4e06-b762-ef4f65f724c9""},{""Name"":""ForwardingSmtpAddress"",""Value"":""smtp:PattiF-Waverly@guerrillamail.com""},{""Name"":""DeliverToMailboxAndForward"",""Value"":""True""}],""RequestId"":""84db1e17-4205-424c-2dc6-b2fbdfd5b220"",""SessionId"":""006e812a-7a51-1bfb-6f95-5c86f1a62e20"",""TokenObjectId"":""1bd04873-b0e9-4e06-b762-ef4f65f724c9"",""TokenTenantId"":""eb174bbc-fe94-4978-95b9-a616457dd489""}","1","32","{
  ""moreRecordsAvailable"": false
}","4a5f14a9-318a-4894-f878-08dee9673be2","True","Unchanged"
"ExchangeAdmin","2026-07-29 00:38:51","NT SERVICE\MSExchangeAdminApiNetCore (Microsoft.Exchange.AdminApi.NetCore)","Set-Mailbox","{""AppAccessContext"":{""IssuedAtTime"":""2026-07-29T00:38:27"",""UniqueTokenId"":""9654a43c-9a51-887e-a2a3-1d8dab4eab29""},""CreationTime"":""2026-07-29T00:38:51"",""Id"":""15efc040-361a-4f97-d872-08deed09c317"",""Operation"":""Set-Mailbox"",""OrganizationId"":""eb174bbc-fe94-4978-95b9-a616457dd489"",""RecordType"":1,""ResultStatus"":""True"",""UserKey"":""NT SERVICE\\MSExchangeAdminApiNetCore (Microsoft.Exchange.AdminApi.NetCore)"",""UserType"":2,""Version"":1,""Workload"":""Exchange"",""ClientIP"":""[2603:1036:306:7::5]:29758"",""ObjectId"":""SystemMailbox{bb558c35-97f1-4cb9-8ff7-d53741dc928c}"",""UserId"":""NT SERVICE\\MSExchangeAdminApiNetCore (Microsoft.Exchange.AdminApi.NetCore)"",""AppId"":"""",""AppPoolName"":""MSExchangeAdminApiNetCore"",""ClientAppId"":"""",""CorrelationID"":"""",""ExternalAccess"":false,""OrganizationName"":""854jpt.onmicrosoft.com"",""OriginatingServer"":""SA7PR10MB997774 (15.21.0245.008)"",""Parameters"":[{""Name"":""Force"",""Value"":""True""},{""Name"":""SuiteServiceStorage"",""Value"":""True""},{""Name"":""OABGen"",""Value"":""True""},{""Name"":""ApprovalApplication"",""Value"":""True""},{""Name"":""MailRouting"",""Value"":""True""},{""Name"":""Arbitration"",""Value"":""True""},{""Name"":""ClientExtensions"",""Value"":""True""},{""Name"":""UMGrammar"",""Value"":""True""},{""Name"":""MaxSendSize"",""Value"":""1 GB (1,073,741,824 bytes)""},{""Name"":""MessageTracking"",""Value"":""True""},{""Name"":""OMEncryption"",""Value"":""True""},{""Name"":""Identity"",""Value"":""SystemMailbox{bb558c35-97f1-4cb9-8ff7-d53741dc928c}""},{""Name"":""GMGen"",""Value"":""True""}],""RequestId"":""7ba6144c-2935-58f1-8b63-d09db58b3b36"",""SessionId"":"""",""TokenTenantId"":""eb174bbc-fe94-4978-95b9-a616457dd489""}","2","32","{
  ""moreRecordsAvailable"": false
}","15efc040-361a-4f97-d872-08deed09c317","True","Unchanged"
"ExchangeAdmin","2026-07-29 00:38:52","NT SERVICE\MSExchangeAdminApiNetCore (Microsoft.Exchange.AdminApi.NetCore)","Set-Mailbox","{""AppAccessContext"":{""IssuedAtTime"":""2026-07-29T00:38:27"",""UniqueTokenId"":""9654a43c-9a51-887e-a2a3-1d8dab4eab29""},""CreationTime"":""2026-07-29T00:38:52"",""Id"":""3e94b0d0-d63c-4150-5ee5-08deed09c36c"",""Operation"":""Set-Mailbox"",""OrganizationId"":""eb174bbc-fe94-4978-95b9-a616457dd489"",""RecordType"":1,""ResultStatus"":""True"",""UserKey"":""NT SERVICE\\MSExchangeAdminApiNetCore (Microsoft.Exchange.AdminApi.NetCore)"",""UserType"":2,""Version"":1,""Workload"":""Exchange"",""ClientIP"":""[2603:1036:306:7::5]:29758"",""ObjectId"":""SystemMailbox{e0dc1c29-89c3-4034-b678-e6c29d823ed9}"",""UserId"":""NT SERVICE\\MSExchangeAdminApiNetCore (Microsoft.Exchange.AdminApi.NetCore)"",""AppId"":"""",""AppPoolName"":""MSExchangeAdminApiNetCore"",""ClientAppId"":"""",""CorrelationID"":"""",""ExternalAccess"":false,""OrganizationName"":""854jpt.onmicrosoft.com"",""OriginatingServer"":""SA7PR10MB997774 (15.21.0245.008)"",""Parameters"":[{""Name"":""Arbitration"",""Value"":""True""},{""Name"":""Identity"",""Value"":""SystemMailbox{e0dc1c29-89c3-4034-b678-e6c29d823ed9}""},{""Name"":""UMDataStorage"",""Value"":""True""},{""Name"":""ApprovalApplication"",""Value"":""False""},{""Name"":""Force"",""Value"":""True""}],""RequestId"":""7ba6144c-2935-58f1-8b63-d09db58b3b36"",""SessionId"":"""",""TokenTenantId"":""eb174bbc-fe94-4978-95b9-a616457dd489""}","3","32","{
  ""moreRecordsAvailable"": false
}","3e94b0d0-d63c-4150-5ee5-08deed09c36c","True","Unchanged"
"ExchangeAdmin","2026-07-29 00:38:52","NT SERVICE\MSExchangeAdminApiNetCore (Microsoft.Exchange.AdminApi.NetCore)","Set-Mailbox","{""AppAccessContext"":{""IssuedAtTime"":""2026-07-29T00:38:27"",""UniqueTokenId"":""9654a43c-9a51-887e-a2a3-1d8dab4eab29""},""CreationTime"":""2026-07-29T00:38:52"",""Id"":""194dcc7f-2cdc-425b-7f7c-08deed09c3aa"",""Operation"":""Set-Mailbox"",""OrganizationId"":""eb174bbc-fe94-4978-95b9-a616457dd489"",""RecordType"":1,""ResultStatus"":""True"",""UserKey"":""NT SERVICE\\MSExchangeAdminApiNetCore (Microsoft.Exchange.AdminApi.NetCore)"",""UserType"":2,""Version"":1,""Workload"":""Exchange"",""ClientIP"":""[2603:1036:306:7::5]:29758"",""ObjectId"":""OrgExtensionProperties0_ED5B1323-0DC1-43D3-96C7-0049903548CF"",""UserId"":""NT SERVICE\\MSExchangeAdminApiNetCore (Microsoft.Exchange.AdminApi.NetCore)"",""AppId"":"""",""AppPoolName"":""MSExchangeAdminApiNetCore"",""ClientAppId"":"""",""CorrelationID"":"""",""ExternalAccess"":false,""OrganizationName"":""854jpt.onmicrosoft.com"",""OriginatingServer"":""SA7PR10MB997774 (15.21.0245.008)"",""Parameters"":[{""Name"":""Arbitration"",""Value"":""True""},{""Name"":""Identity"",""Value"":""OrgExtensionProperties0_ED5B1323-0DC1-43D3-96C7-0049903548CF""},{""Name"":""ApprovalApplication"",""Value"":""True""},{""Name"":""Force"",""Value"":""True""}],""RequestId"":""7ba6144c-2935-58f1-8b63-d09db58b3b36"",""SessionId"":"""",""TokenTenantId"":""eb174bbc-fe94-4978-95b9-a616457dd489""}","4","32","{
  ""moreRecordsAvailable"": false
}","194dcc7f-2cdc-425b-7f7c-08deed09c3aa","True","Unchanged"
"ExchangeAdmin","2026-07-29 00:38:53","NT SERVICE\MSExchangeAdminApiNetCore (Microsoft.Exchange.AdminApi.NetCore)","Set-Mailbox","{""AppAccessContext"":{""IssuedAtTime"":""2026-07-29T00:38:27"",""UniqueTokenId"":""9654a43c-9a51-887e-a2a3-1d8dab4eab29""},""CreationTime"":""2026-07-29T00:38:53"",""Id"":""9bcb2346-f414-425a-1a07-08deed09c3e7"",""Operation"":""Set-Mailbox"",""OrganizationId"":""eb174bbc-fe94-4978-95b9-a616457dd489"",""RecordType"":1,""ResultStatus"":""True"",""UserKey"":""NT SERVICE\\MSExchangeAdminApiNetCore (Microsoft.Exchange.AdminApi.NetCore)"",""UserType"":2,""Version"":1,""Workload"":""Exchange"",""ClientIP"":""[2603:1036:306:7::5]:29758"",""ObjectId"":""TenantSetting_AC9A8876-0461-47EA-9d4C-FE8D02AEF7D5"",""UserId"":""NT SERVICE\\MSExchangeAdminApiNetCore (Microsoft.Exchange.AdminApi.NetCore)"",""AppId"":"""",""AppPoolName"":""MSExchangeAdminApiNetCore"",""ClientAppId"":"""",""CorrelationID"":"""",""ExternalAccess"":false,""OrganizationName"":""854jpt.onmicrosoft.com"",""OriginatingServer"":""SA7PR10MB997774 (15.21.0245.008)"",""Parameters"":[{""Name"":""Arbitration"",""Value"":""True""},{""Name"":""Identity"",""Value"":""TenantSetting_AC9A8876-0461-47EA-9d4C-FE8D02AEF7D5""},{""Name"":""ApprovalApplication"",""Value"":""True""},{""Name"":""Force"",""Value"":""True""}],""RequestId"":""7ba6144c-2935-58f1-8b63-d09db58b3b36"",""SessionId"":"""",""TokenTenantId"":""eb174bbc-fe94-4978-95b9-a616457dd489""}","5","32","{
  ""moreRecordsAvailable"": false
}","9bcb2346-f414-425a-1a07-08deed09c3e7","True","Unchanged"
"ExchangeAdmin","2026-07-29 00:38:53","NT SERVICE\MSExchangeAdminApiNetCore (Microsoft.Exchange.AdminApi.NetCore)","Set-Mailbox","{""AppAccessContext"":{""IssuedAtTime"":""2026-07-29T00:38:27"",""UniqueTokenId"":""9654a43c-9a51-887e-a2a3-1d8dab4eab29""},""CreationTime"":""2026-07-29T00:38:53"",""Id"":""5d01ffab-6ba8-45d4-e13c-08deed09c422"",""Operation"":""Set-Mailbox"",""OrganizationId"":""eb174bbc-fe94-4978-95b9-a616457dd489"",""RecordType"":1,""ResultStatus"":""True"",""UserKey"":""NT SERVICE\\MSExchangeAdminApiNetCore (Microsoft.Exchange.AdminApi.NetCore)"",""UserType"":2,""Version"":1,""Workload"":""Exchange"",""ClientIP"":""[2603:1036:306:7::5]:29758"",""ObjectId"":""TenantSetting_E29644B8-9FC2-458D-8512-BF925256183E"",""UserId"":""NT SERVICE\\MSExchangeAdminApiNetCore (Microsoft.Exchange.AdminApi.NetCore)"",""AppId"":"""",""AppPoolName"":""MSExchangeAdminApiNetCore"",""ClientAppId"":"""",""CorrelationID"":"""",""ExternalAccess"":false,""OrganizationName"":""854jpt.onmicrosoft.com"",""OriginatingServer"":""SA7PR10MB997774 (15.21.0245.008)"",""Parameters"":[{""Name"":""Arbitration"",""Value"":""True""},{""Name"":""Identity"",""Value"":""TenantSetting_E29644B8-9FC2-458D-8512-BF925256183E""},{""Name"":""ApprovalApplication"",""Value"":""True""},{""Name"":""Force"",""Value"":""True""}],""RequestId"":""7ba6144c-2935-58f1-8b63-d09db58b3b36"",""SessionId"":"""",""TokenTenantId"":""eb174bbc-fe94-4978-95b9-a616457dd489""}","6","32","{
  ""moreRecordsAvailable"": false
}","5d01ffab-6ba8-45d4-e13c-08deed09c422","True","Unchanged"
"ExchangeAdmin","2026-07-29 00:38:53","NT SERVICE\MSExchangeAdminApiNetCore (Microsoft.Exchange.AdminApi.NetCore)","Set-Mailbox","{""AppAccessContext"":{""IssuedAtTime"":""2026-07-29T00:38:27"",""UniqueTokenId"":""9654a43c-9a51-887e-a2a3-1d8dab4eab29""},""CreationTime"":""2026-07-29T00:38:53"",""Id"":""6efa11c8-a0d4-44e2-150f-08deed09c460"",""Operation"":""Set-Mailbox"",""OrganizationId"":""eb174bbc-fe94-4978-95b9-a616457dd489"",""RecordType"":1,""ResultStatus"":""True"",""UserKey"":""NT SERVICE\\MSExchangeAdminApiNetCore (Microsoft.Exchange.AdminApi.NetCore)"",""UserType"":2,""Version"":1,""Workload"":""Exchange"",""ClientIP"":""[2603:1036:306:7::5]:29758"",""ObjectId"":""OrgContacts_38CF9FA0-F551-44EB-A9C5-0A7B41019E0D"",""UserId"":""NT SERVICE\\MSExchangeAdminApiNetCore (Microsoft.Exchange.AdminApi.NetCore)"",""AppId"":"""",""AppPoolName"":""MSExchangeAdminApiNetCore"",""ClientAppId"":"""",""CorrelationID"":"""",""ExternalAccess"":false,""OrganizationName"":""854jpt.onmicrosoft.com"",""OriginatingServer"":""SA7PR10MB997774 (15.21.0245.008)"",""Parameters"":[{""Name"":""Arbitration"",""Value"":""True""},{""Name"":""Identity"",""Value"":""OrgContacts_38CF9FA0-F551-44EB-A9C5-0A7B41019E0D""},{""Name"":""ApprovalApplication"",""Value"":""True""},{""Name"":""Force"",""Value"":""True""}],""RequestId"":""7ba6144c-2935-58f1-8b63-d09db58b3b36"",""SessionId"":"""",""TokenTenantId"":""eb174bbc-fe94-4978-95b9-a616457dd489""}","7","32","{
  ""moreRecordsAvailable"": false
}","6efa11c8-a0d4-44e2-150f-08deed09c460","True","Unchanged"
"ExchangeAdmin","2026-07-29 00:38:54","NT SERVICE\MSExchangeAdminApiNetCore (Microsoft.Exchange.AdminApi.NetCore)","Set-Mailbox","{""AppAccessContext"":{""IssuedAtTime"":""2026-07-29T00:38:27"",""UniqueTokenId"":""9654a43c-9a51-887e-a2a3-1d8dab4eab29""},""CreationTime"":""2026-07-29T00:38:54"",""Id"":""889d64b7-a858-4b59-f2fa-08deed09c4a9"",""Operation"":""Set-Mailbox"",""OrganizationId"":""eb174bbc-fe94-4978-95b9-a616457dd489"",""RecordType"":1,""ResultStatus"":""True"",""UserKey"":""NT SERVICE\\MSExchangeAdminApiNetCore (Microsoft.Exchange.AdminApi.NetCore)"",""UserType"":2,""Version"":1,""Workload"":""Exchange"",""ClientIP"":""[2603:1036:306:7::5]:29758"",""ObjectId"":""Migration.8f3e7716-2011-43e4-96b1-aba62d229136"",""UserId"":""NT SERVICE\\MSExchangeAdminApiNetCore (Microsoft.Exchange.AdminApi.NetCore)"",""AppId"":"""",""AppPoolName"":""MSExchangeAdminApiNetCore"",""ClientAppId"":"""",""CorrelationID"":"""",""ExternalAccess"":false,""OrganizationName"":""854jpt.onmicrosoft.com"",""OriginatingServer"":""SA7PR10MB997774 (15.21.0245.008)"",""Parameters"":[{""Name"":""Arbitration"",""Value"":""True""},{""Name"":""UseDatabaseQuotaDefaults"",""Value"":""False""},{""Name"":""SCLJunkEnabled"",""Value"":""False""},{""Name"":""SCLDeleteEnabled"",""Value"":""False""},{""Name"":""Management"",""Value"":""True""},{""Name"":""DisplayName"",""Value"":""Microsoft Exchange Migration""},{""Name"":""HiddenFromAddressListsEnabled"",""Value"":""True""},{""Name"":""Identity"",""Value"":""Migration.8f3e7716-2011-43e4-96b1-aba62d229136""},{""Name"":""RecoverableItemsQuota"",""Value"":""30 GB (32,212,254,720 bytes)""},{""Name"":""SCLRejectEnabled"",""Value"":""False""},{""Name"":""Force"",""Value"":""True""},{""Name"":""ProhibitSendQuota"",""Value"":""10 GB (10,737,418,240 bytes)""},{""Name"":""SCLQuarantineEnabled"",""Value"":""False""},{""Name"":""IssueWarningQuota"",""Value"":""9 GB (9,663,676,416 bytes)""},{""Name"":""ProhibitSendReceiveQuota"",""Value"":""10 GB (10,737,418,240 bytes)""},{""Name"":""Migration"",""Value"":""True""},{""Name"":""RecoverableItemsWarningQuota"",""Value"":""20 GB (21,474,836,480 bytes)""}],""RequestId"":""7ba6144c-2935-58f1-8b63-d09db58b3b36"",""SessionId"":"""",""TokenTenantId"":""eb174bbc-fe94-4978-95b9-a616457dd489""}","8","32","{
  ""moreRecordsAvailable"": false
}","889d64b7-a858-4b59-f2fa-08deed09c4a9","True","Unchanged"
"ExchangeAdmin","2026-07-29 00:38:54","NT SERVICE\MSExchangeAdminApiNetCore (Microsoft.Exchange.AdminApi.NetCore)","Set-Mailbox","{""AppAccessContext"":{""IssuedAtTime"":""2026-07-29T00:38:27"",""UniqueTokenId"":""9654a43c-9a51-887e-a2a3-1d8dab4eab29""},""CreationTime"":""2026-07-29T00:38:54"",""Id"":""677ed845-bbc2-4a8b-a76a-08deed09c4e3"",""Operation"":""Set-Mailbox"",""OrganizationId"":""eb174bbc-fe94-4978-95b9-a616457dd489"",""RecordType"":1,""ResultStatus"":""True"",""UserKey"":""NT SERVICE\\MSExchangeAdminApiNetCore (Microsoft.Exchange.AdminApi.NetCore)"",""UserType"":2,""Version"":1,""Workload"":""Exchange"",""ClientIP"":""[2603:1036:306:7::5]:29758"",""ObjectId"":""SystemMailbox{D0E409A0-AF9B-4720-92FE-AAC869B0D201}"",""UserId"":""NT SERVICE\\MSExchangeAdminApiNetCore (Microsoft.Exchange.AdminApi.NetCore)"",""AppId"":"""",""AppPoolName"":""MSExchangeAdminApiNetCore"",""ClientAppId"":"""",""CorrelationID"":"""",""ExternalAccess"":false,""OrganizationName"":""854jpt.onmicrosoft.com"",""OriginatingServer"":""SA7PR10MB997774 (15.21.0245.008)"",""Parameters"":[{""Name"":""Arbitration"",""Value"":""True""},{""Name"":""Identity"",""Value"":""SystemMailbox{D0E409A0-AF9B-4720-92FE-AAC869B0D201}""},{""Name"":""ApprovalApplication"",""Value"":""True""},{""Name"":""Force"",""Value"":""True""}],""RequestId"":""7ba6144c-2935-58f1-8b63-d09db58b3b36"",""SessionId"":"""",""TokenTenantId"":""eb174bbc-fe94-4978-95b9-a616457dd489""}","9","32","{
  ""moreRecordsAvailable"": false
}","677ed845-bbc2-4a8b-a76a-08deed09c4e3","True","Unchanged"
"ExchangeAdmin","2026-07-29 00:38:55","NT SERVICE\MSExchangeAdminApiNetCore (Microsoft.Exchange.AdminApi.NetCore)","Set-Mailbox","{""AppAccessContext"":{""IssuedAtTime"":""2026-07-29T00:38:27"",""UniqueTokenId"":""9654a43c-9a51-887e-a2a3-1d8dab4eab29""},""CreationTime"":""2026-07-29T00:38:55"",""Id"":""5b4111dc-9f97-4fde-1751-08deed09c55d"",""Operation"":""Set-Mailbox"",""OrganizationId"":""eb174bbc-fe94-4978-95b9-a616457dd489"",""RecordType"":1,""ResultStatus"":""True"",""UserKey"":""NT SERVICE\\MSExchangeAdminApiNetCore (Microsoft.Exchange.AdminApi.NetCore)"",""UserType"":2,""Version"":1,""Workload"":""Exchange"",""ClientIP"":""[2603:1036:306:7::5]:29758"",""ObjectId"":""SystemMailbox{0AF09B7F-434F-4B2F-9CBC-57639EDCFD9C}"",""UserId"":""NT SERVICE\\MSExchangeAdminApiNetCore (Microsoft.Exchange.AdminApi.NetCore)"",""AppId"":"""",""AppPoolName"":""MSExchangeAdminApiNetCore"",""ClientAppId"":"""",""CorrelationID"":"""",""ExternalAccess"":false,""OrganizationName"":""854jpt.onmicrosoft.com"",""OriginatingServer"":""SA7PR10MB997774 (15.21.0245.008)"",""Parameters"":[{""Name"":""SCLDeleteEnabled"",""Value"":""False""},{""Name"":""UseDatabaseQuotaDefaults"",""Value"":""False""},{""Name"":""IssueWarningQuota"",""Value"":""90 GB (96,636,764,160 bytes)""},{""Name"":""HiddenFromAddressListsEnabled"",""Value"":""True""},{""Name"":""Arbitration"",""Value"":""True""},{""Name"":""SCLQuarantineEnabled"",""Value"":""False""},{""Name"":""RecoverableItemsQuota"",""Value"":""30 GB (32,212,254,720 bytes)""},{""Name"":""SCLJunkEnabled"",""Value"":""False""},{""Name"":""Force"",""Value"":""True""},{""Name"":""ProhibitSendQuota"",""Value"":""99 GB (106,300,440,576 bytes)""},{""Name"":""Identity"",""Value"":""SystemMailbox{0AF09B7F-434F-4B2F-9CBC-57639EDCFD9C}""},{""Name"":""OMEncryptionStore"",""Value"":""True""},{""Name"":""RecoverableItemsWarningQuota"",""Value"":""20 GB (21,474,836,480 bytes)""},{""Name"":""SCLRejectEnabled"",""Value"":""False""},{""Name"":""ProhibitSendReceiveQuota"",""Value"":""100 GB (107,374,182,400 bytes)""}],""RequestId"":""7ba6144c-2935-58f1-8b63-d09db58b3b36"",""SessionId"":"""",""TokenTenantId"":""eb174bbc-fe94-4978-95b9-a616457dd489""}","10","32","{
  ""moreRecordsAvailable"": false
}","5b4111dc-9f97-4fde-1751-08deed09c55d","True","Unchanged"
"ExchangeAdmin","2026-07-29 00:38:55","NT SERVICE\MSExchangeAdminApiNetCore (Microsoft.Exchange.AdminApi.NetCore)","Set-Mailbox","{""AppAccessContext"":{""IssuedAtTime"":""2026-07-29T00:38:27"",""UniqueTokenId"":""9654a43c-9a51-887e-a2a3-1d8dab4eab29""},""CreationTime"":""2026-07-29T00:38:55"",""Id"":""20eb77a4-216f-4793-535a-08deed09c5a2"",""Operation"":""Set-Mailbox"",""OrganizationId"":""eb174bbc-fe94-4978-95b9-a616457dd489"",""RecordType"":1,""ResultStatus"":""True"",""UserKey"":""NT SERVICE\\MSExchangeAdminApiNetCore (Microsoft.Exchange.AdminApi.NetCore)"",""UserType"":2,""Version"":1,""Workload"":""Exchange"",""ClientIP"":""[2603:1036:306:7::5]:29758"",""ObjectId"":""SystemMailbox{2C41C89D-35A4-465B-B69B-6F1FC54D8B03}"",""UserId"":""NT SERVICE\\MSExchangeAdminApiNetCore (Microsoft.Exchange.AdminApi.NetCore)"",""AppId"":"""",""AppPoolName"":""MSExchangeAdminApiNetCore"",""ClientAppId"":"""",""CorrelationID"":"""",""ExternalAccess"":false,""OrganizationName"":""854jpt.onmicrosoft.com"",""OriginatingServer"":""SA7PR10MB997774 (15.21.0245.008)"",""Parameters"":[{""Name"":""SCLDeleteEnabled"",""Value"":""False""},{""Name"":""UseDatabaseQuotaDefaults"",""Value"":""False""},{""Name"":""IssueWarningQuota"",""Value"":""90 GB (96,636,764,160 bytes)""},{""Name"":""HiddenFromAddressListsEnabled"",""Value"":""True""},{""Name"":""Arbitration"",""Value"":""True""},{""Name"":""SCLQuarantineEnabled"",""Value"":""False""},{""Name"":""RecoverableItemsQuota"",""Value"":""30 GB (32,212,254,720 bytes)""},{""Name"":""SCLJunkEnabled"",""Value"":""False""},{""Name"":""Force"",""Value"":""True""},{""Name"":""ProhibitSendQuota"",""Value"":""99 GB (106,300,440,576 bytes)""},{""Name"":""Identity"",""Value"":""SystemMailbox{2C41C89D-35A4-465B-B69B-6F1FC54D8B03}""},{""Name"":""OMEncryptionStore"",""Value"":""True""},{""Name"":""RecoverableItemsWarningQuota"",""Value"":""20 GB (21,474,836,480 bytes)""},{""Name"":""SCLRejectEnabled"",""Value"":""False""},{""Name"":""ProhibitSendReceiveQuota"",""Value"":""100 GB (107,374,182,400 bytes)""}],""RequestId"":""7ba6144c-2935-58f1-8b63-d09db58b3b36"",""SessionId"":"""",""TokenTenantId"":""eb174bbc-fe94-4978-95b9-a616457dd489""}","11","32","{
  ""moreRecordsAvailable"": false
}","20eb77a4-216f-4793-535a-08deed09c5a2","True","Unchanged"
"ExchangeAdmin","2026-07-29 00:38:55","NT SERVICE\MSExchangeAdminApiNetCore (Microsoft.Exchange.AdminApi.NetCore)","Set-Mailbox","{""AppAccessContext"":{""IssuedAtTime"":""2026-07-29T00:38:27"",""UniqueTokenId"":""9654a43c-9a51-887e-a2a3-1d8dab4eab29""},""CreationTime"":""2026-07-29T00:38:55"",""Id"":""1a264b5e-ded2-4992-4698-08deed09c53e"",""Operation"":""Set-Mailbox"",""OrganizationId"":""eb174bbc-fe94-4978-95b9-a616457dd489"",""RecordType"":1,""ResultStatus"":""True"",""UserKey"":""NT SERVICE\\MSExchangeAdminApiNetCore (Microsoft.Exchange.AdminApi.NetCore)"",""UserType"":2,""Version"":1,""Workload"":""Exchange"",""ClientIP"":""[2603:1036:306:7::5]:29758"",""ObjectId"":""SystemMailbox{D0E409A0-AF9B-4720-92FE-AAC869B0D201}"",""UserId"":""NT SERVICE\\MSExchangeAdminApiNetCore (Microsoft.Exchange.AdminApi.NetCore)"",""AppId"":"""",""AppPoolName"":""MSExchangeAdminApiNetCore"",""ClientAppId"":"""",""CorrelationID"":"""",""ExternalAccess"":false,""OrganizationName"":""854jpt.onmicrosoft.com"",""OriginatingServer"":""SA7PR10MB997774 (15.21.0245.008)"",""Parameters"":[{""Name"":""SCLDeleteEnabled"",""Value"":""False""},{""Name"":""UseDatabaseQuotaDefaults"",""Value"":""False""},{""Name"":""IssueWarningQuota"",""Value"":""90 GB (96,636,764,160 bytes)""},{""Name"":""HiddenFromAddressListsEnabled"",""Value"":""True""},{""Name"":""Arbitration"",""Value"":""True""},{""Name"":""SCLQuarantineEnabled"",""Value"":""False""},{""Name"":""RecoverableItemsQuota"",""Value"":""30 GB (32,212,254,720 bytes)""},{""Name"":""SCLJunkEnabled"",""Value"":""False""},{""Name"":""Force"",""Value"":""True""},{""Name"":""ProhibitSendQuota"",""Value"":""99 GB (106,300,440,576 bytes)""},{""Name"":""Identity"",""Value"":""SystemMailbox{D0E409A0-AF9B-4720-92FE-AAC869B0D201}""},{""Name"":""OMEncryptionStore"",""Value"":""True""},{""Name"":""RecoverableItemsWarningQuota"",""Value"":""20 GB (21,474,836,480 bytes)""},{""Name"":""SCLRejectEnabled"",""Value"":""False""},{""Name"":""ProhibitSendReceiveQuota"",""Value"":""100 GB (107,374,182,400 bytes)""}],""RequestId"":""7ba6144c-2935-58f1-8b63-d09db58b3b36"",""SessionId"":"""",""TokenTenantId"":""eb174bbc-fe94-4978-95b9-a616457dd489""}","12","32","{
  ""moreRecordsAvailable"": false
}","1a264b5e-ded2-4992-4698-08deed09c53e","True","Unchanged"
"ExchangeAdmin","2026-07-29 00:38:55","NT SERVICE\MSExchangeAdminApiNetCore (Microsoft.Exchange.AdminApi.NetCore)","Set-Mailbox","{""AppAccessContext"":{""IssuedAtTime"":""2026-07-29T00:38:27"",""UniqueTokenId"":""9654a43c-9a51-887e-a2a3-1d8dab4eab29""},""CreationTime"":""2026-07-29T00:38:55"",""Id"":""6d0dfd18-c47c-472a-50a2-08deed09c583"",""Operation"":""Set-Mailbox"",""OrganizationId"":""eb174bbc-fe94-4978-95b9-a616457dd489"",""RecordType"":1,""ResultStatus"":""True"",""UserKey"":""NT SERVICE\\MSExchangeAdminApiNetCore (Microsoft.Exchange.AdminApi.NetCore)"",""UserType"":2,""Version"":1,""Workload"":""Exchange"",""ClientIP"":""[2603:1036:306:7::5]:29758"",""ObjectId"":""SystemMailbox{6C0A1EFA-EC06-4AF8-8120-E8DF728D24A6}"",""UserId"":""NT SERVICE\\MSExchangeAdminApiNetCore (Microsoft.Exchange.AdminApi.NetCore)"",""AppId"":"""",""AppPoolName"":""MSExchangeAdminApiNetCore"",""ClientAppId"":"""",""CorrelationID"":"""",""ExternalAccess"":false,""OrganizationName"":""854jpt.onmicrosoft.com"",""OriginatingServer"":""SA7PR10MB997774 (15.21.0245.008)"",""Parameters"":[{""Name"":""SCLDeleteEnabled"",""Value"":""False""},{""Name"":""UseDatabaseQuotaDefaults"",""Value"":""False""},{""Name"":""IssueWarningQuota"",""Value"":""90 GB (96,636,764,160 bytes)""},{""Name"":""HiddenFromAddressListsEnabled"",""Value"":""True""},{""Name"":""Arbitration"",""Value"":""True""},{""Name"":""SCLQuarantineEnabled"",""Value"":""False""},{""Name"":""RecoverableItemsQuota"",""Value"":""30 GB (32,212,254,720 bytes)""},{""Name"":""SCLJunkEnabled"",""Value"":""False""},{""Name"":""Force"",""Value"":""True""},{""Name"":""ProhibitSendQuota"",""Value"":""99 GB (106,300,440,576 bytes)""},{""Name"":""Identity"",""Value"":""SystemMailbox{6C0A1EFA-EC06-4AF8-8120-E8DF728D24A6}""},{""Name"":""OMEncryptionStore"",""Value"":""True""},{""Name"":""RecoverableItemsWarningQuota"",""Value"":""20 GB (21,474,836,480 bytes)""},{""Name"":""SCLRejectEnabled"",""Value"":""False""},{""Name"":""ProhibitSendReceiveQuota"",""Value"":""100 GB (107,374,182,400 bytes)""}],""RequestId"":""7ba6144c-2935-58f1-8b63-d09db58b3b36"",""SessionId"":"""",""TokenTenantId"":""eb174bbc-fe94-4978-95b9-a616457dd489""}","13","32","{
  ""moreRecordsAvailable"": false
}","6d0dfd18-c47c-472a-50a2-08deed09c583","True","Unchanged"
"ExchangeAdmin","2026-07-29 00:38:56","NT SERVICE\MSExchangeAdminApiNetCore (Microsoft.Exchange.AdminApi.NetCore)","Set-Mailbox","{""AppAccessContext"":{""IssuedAtTime"":""2026-07-29T00:38:27"",""UniqueTokenId"":""9654a43c-9a51-887e-a2a3-1d8dab4eab29""},""CreationTime"":""2026-07-29T00:38:56"",""Id"":""72055703-f7d4-42b1-f396-08deed09c5d4"",""Operation"":""Set-Mailbox"",""OrganizationId"":""eb174bbc-fe94-4978-95b9-a616457dd489"",""RecordType"":1,""ResultStatus"":""True"",""UserKey"":""NT SERVICE\\MSExchangeAdminApiNetCore (Microsoft.Exchange.AdminApi.NetCore)"",""UserType"":2,""Version"":1,""Workload"":""Exchange"",""ClientIP"":""[2603:1036:306:7::5]:29758"",""ObjectId"":""SystemMailbox{6C0A1EFA-EC06-4AF8-8120-E8DF728D24A6}"",""UserId"":""NT SERVICE\\MSExchangeAdminApiNetCore (Microsoft.Exchange.AdminApi.NetCore)"",""AppId"":"""",""AppPoolName"":""MSExchangeAdminApiNetCore"",""ClientAppId"":"""",""CorrelationID"":"""",""ExternalAccess"":false,""OrganizationName"":""854jpt.onmicrosoft.com"",""OriginatingServer"":""SA7PR10MB997774 (15.21.0245.008)"",""Parameters"":[{""Name"":""Arbitration"",""Value"":""True""},{""Name"":""Identity"",""Value"":""SystemMailbox{6C0A1EFA-EC06-4AF8-8120-E8DF728D24A6}""},{""Name"":""ApprovalApplication"",""Value"":""True""},{""Name"":""Force"",""Value"":""True""}],""RequestId"":""7ba6144c-2935-58f1-8b63-d09db58b3b36"",""SessionId"":"""",""TokenTenantId"":""eb174bbc-fe94-4978-95b9-a616457dd489""}","14","32","{
  ""moreRecordsAvailable"": false
}","72055703-f7d4-42b1-f396-08deed09c5d4","True","Unchanged"
"ExchangeAdmin","2026-07-29 00:38:56","NT SERVICE\MSExchangeAdminApiNetCore (Microsoft.Exchange.AdminApi.NetCore)","Set-Mailbox","{""AppAccessContext"":{""IssuedAtTime"":""2026-07-29T00:38:27"",""UniqueTokenId"":""9654a43c-9a51-887e-a2a3-1d8dab4eab29""},""CreationTime"":""2026-07-29T00:38:56"",""Id"":""6d27261b-933a-4023-eb89-08deed09c624"",""Operation"":""Set-Mailbox"",""OrganizationId"":""eb174bbc-fe94-4978-95b9-a616457dd489"",""RecordType"":1,""ResultStatus"":""True"",""UserKey"":""NT SERVICE\\MSExchangeAdminApiNetCore (Microsoft.Exchange.AdminApi.NetCore)"",""UserType"":2,""Version"":1,""Workload"":""Exchange"",""ClientIP"":""[2603:1036:306:7::5]:29758"",""ObjectId"":""SystemMailbox{D0E409A0-AF9B-4720-92FE-AAC869B0D201}"",""UserId"":""NT SERVICE\\MSExchangeAdminApiNetCore (Microsoft.Exchange.AdminApi.NetCore)"",""AppId"":"""",""AppPoolName"":""MSExchangeAdminApiNetCore"",""ClientAppId"":"""",""CorrelationID"":"""",""ExternalAccess"":false,""OrganizationName"":""854jpt.onmicrosoft.com"",""OriginatingServer"":""SA7PR10MB997774 (15.21.0245.008)"",""Parameters"":[{""Name"":""SCLDeleteEnabled"",""Value"":""False""},{""Name"":""UseDatabaseQuotaDefaults"",""Value"":""False""},{""Name"":""IssueWarningQuota"",""Value"":""90 GB (96,636,764,160 bytes)""},{""Name"":""HiddenFromAddressListsEnabled"",""Value"":""True""},{""Name"":""Arbitration"",""Value"":""True""},{""Name"":""SCLQuarantineEnabled"",""Value"":""False""},{""Name"":""RecoverableItemsQuota"",""Value"":""30 GB (32,212,254,720 bytes)""},{""Name"":""SCLJunkEnabled"",""Value"":""False""},{""Name"":""Force"",""Value"":""True""},{""Name"":""ProhibitSendQuota"",""Value"":""99 GB (106,300,440,576 bytes)""},{""Name"":""Identity"",""Value"":""SystemMailbox{D0E409A0-AF9B-4720-92FE-AAC869B0D201}""},{""Name"":""OMEncryptionStore"",""Value"":""True""},{""Name"":""RecoverableItemsWarningQuota"",""Value"":""20 GB (21,474,836,480 bytes)""},{""Name"":""SCLRejectEnabled"",""Value"":""False""},{""Name"":""ProhibitSendReceiveQuota"",""Value"":""100 GB (107,374,182,400 bytes)""}],""RequestId"":""7ba6144c-2935-58f1-8b63-d09db58b3b36"",""SessionId"":"""",""TokenTenantId"":""eb174bbc-fe94-4978-95b9-a616457dd489""}","15","32","{
  ""moreRecordsAvailable"": false
}","6d27261b-933a-4023-eb89-08deed09c624","True","Unchanged"
"ExchangeAdmin","2026-07-29 00:38:57","NT SERVICE\MSExchangeAdminApiNetCore (Microsoft.Exchange.AdminApi.NetCore)","Set-Mailbox","{""AppAccessContext"":{""IssuedAtTime"":""2026-07-29T00:38:27"",""UniqueTokenId"":""9654a43c-9a51-887e-a2a3-1d8dab4eab29""},""CreationTime"":""2026-07-29T00:38:57"",""Id"":""2e2bd165-90c8-4c1f-0860-08deed09c6b8"",""Operation"":""Set-Mailbox"",""OrganizationId"":""eb174bbc-fe94-4978-95b9-a616457dd489"",""RecordType"":1,""ResultStatus"":""True"",""UserKey"":""NT SERVICE\\MSExchangeAdminApiNetCore (Microsoft.Exchange.AdminApi.NetCore)"",""UserType"":2,""Version"":1,""Workload"":""Exchange"",""ClientIP"":""[2603:1036:306:7::5]:29758"",""ObjectId"":""SystemMailbox{2C41C89D-35A4-465B-B69B-6F1FC54D8B03}"",""UserId"":""NT SERVICE\\MSExchangeAdminApiNetCore (Microsoft.Exchange.AdminApi.NetCore)"",""AppId"":"""",""AppPoolName"":""MSExchangeAdminApiNetCore"",""ClientAppId"":"""",""CorrelationID"":"""",""ExternalAccess"":false,""OrganizationName"":""854jpt.onmicrosoft.com"",""OriginatingServer"":""SA7PR10MB997774 (15.21.0245.008)"",""Parameters"":[{""Name"":""Arbitration"",""Value"":""True""},{""Name"":""Identity"",""Value"":""SystemMailbox{2C41C89D-35A4-465B-B69B-6F1FC54D8B03}""},{""Name"":""ApprovalApplication"",""Value"":""True""},{""Name"":""Force"",""Value"":""True""}],""RequestId"":""7ba6144c-2935-58f1-8b63-d09db58b3b36"",""SessionId"":"""",""TokenTenantId"":""eb174bbc-fe94-4978-95b9-a616457dd489""}","16","32","{
  ""moreRecordsAvailable"": false
}","2e2bd165-90c8-4c1f-0860-08deed09c6b8","True","Unchanged"
"ExchangeAdmin","2026-07-29 00:38:57","NT SERVICE\MSExchangeAdminApiNetCore (Microsoft.Exchange.AdminApi.NetCore)","Set-Mailbox","{""AppAccessContext"":{""IssuedAtTime"":""2026-07-29T00:38:27"",""UniqueTokenId"":""9654a43c-9a51-887e-a2a3-1d8dab4eab29""},""CreationTime"":""2026-07-29T00:38:57"",""Id"":""73ea253f-1269-4ae8-cd15-08deed09c682"",""Operation"":""Set-Mailbox"",""OrganizationId"":""eb174bbc-fe94-4978-95b9-a616457dd489"",""RecordType"":1,""ResultStatus"":""True"",""UserKey"":""NT SERVICE\\MSExchangeAdminApiNetCore (Microsoft.Exchange.AdminApi.NetCore)"",""UserType"":2,""Version"":1,""Workload"":""Exchange"",""ClientIP"":""[2603:1036:306:7::5]:29758"",""ObjectId"":""SystemMailbox{2C41C89D-35A4-465B-B69B-6F1FC54D8B03}"",""UserId"":""NT SERVICE\\MSExchangeAdminApiNetCore (Microsoft.Exchange.AdminApi.NetCore)"",""AppId"":"""",""AppPoolName"":""MSExchangeAdminApiNetCore"",""ClientAppId"":"""",""CorrelationID"":"""",""ExternalAccess"":false,""OrganizationName"":""854jpt.onmicrosoft.com"",""OriginatingServer"":""SA7PR10MB997774 (15.21.0245.008)"",""Parameters"":[{""Name"":""SCLDeleteEnabled"",""Value"":""False""},{""Name"":""UseDatabaseQuotaDefaults"",""Value"":""False""},{""Name"":""IssueWarningQuota"",""Value"":""90 GB (96,636,764,160 bytes)""},{""Name"":""HiddenFromAddressListsEnabled"",""Value"":""True""},{""Name"":""Arbitration"",""Value"":""True""},{""Name"":""SCLQuarantineEnabled"",""Value"":""False""},{""Name"":""RecoverableItemsQuota"",""Value"":""30 GB (32,212,254,720 bytes)""},{""Name"":""SCLJunkEnabled"",""Value"":""False""},{""Name"":""Force"",""Value"":""True""},{""Name"":""ProhibitSendQuota"",""Value"":""99 GB (106,300,440,576 bytes)""},{""Name"":""Identity"",""Value"":""SystemMailbox{2C41C89D-35A4-465B-B69B-6F1FC54D8B03}""},{""Name"":""OMEncryptionStore"",""Value"":""True""},{""Name"":""RecoverableItemsWarningQuota"",""Value"":""20 GB (21,474,836,480 bytes)""},{""Name"":""SCLRejectEnabled"",""Value"":""False""},{""Name"":""ProhibitSendReceiveQuota"",""Value"":""100 GB (107,374,182,400 bytes)""}],""RequestId"":""7ba6144c-2935-58f1-8b63-d09db58b3b36"",""SessionId"":"""",""TokenTenantId"":""eb174bbc-fe94-4978-95b9-a616457dd489""}","17","32","{
  ""moreRecordsAvailable"": false
}","73ea253f-1269-4ae8-cd15-08deed09c682","True","Unchanged"
"ExchangeAdmin","2026-07-29 00:38:57","NT SERVICE\MSExchangeAdminApiNetCore (Microsoft.Exchange.AdminApi.NetCore)","Set-Mailbox","{""AppAccessContext"":{""IssuedAtTime"":""2026-07-29T00:38:27"",""UniqueTokenId"":""9654a43c-9a51-887e-a2a3-1d8dab4eab29""},""CreationTime"":""2026-07-29T00:38:57"",""Id"":""b9b68684-6347-4da8-8997-08deed09c663"",""Operation"":""Set-Mailbox"",""OrganizationId"":""eb174bbc-fe94-4978-95b9-a616457dd489"",""RecordType"":1,""ResultStatus"":""True"",""UserKey"":""NT SERVICE\\MSExchangeAdminApiNetCore (Microsoft.Exchange.AdminApi.NetCore)"",""UserType"":2,""Version"":1,""Workload"":""Exchange"",""ClientIP"":""[2603:1036:306:7::5]:29758"",""ObjectId"":""SystemMailbox{6C0A1EFA-EC06-4AF8-8120-E8DF728D24A6}"",""UserId"":""NT SERVICE\\MSExchangeAdminApiNetCore (Microsoft.Exchange.AdminApi.NetCore)"",""AppId"":"""",""AppPoolName"":""MSExchangeAdminApiNetCore"",""ClientAppId"":"""",""CorrelationID"":"""",""ExternalAccess"":false,""OrganizationName"":""854jpt.onmicrosoft.com"",""OriginatingServer"":""SA7PR10MB997774 (15.21.0245.008)"",""Parameters"":[{""Name"":""SCLDeleteEnabled"",""Value"":""False""},{""Name"":""UseDatabaseQuotaDefaults"",""Value"":""False""},{""Name"":""IssueWarningQuota"",""Value"":""90 GB (96,636,764,160 bytes)""},{""Name"":""HiddenFromAddressListsEnabled"",""Value"":""True""},{""Name"":""Arbitration"",""Value"":""True""},{""Name"":""SCLQuarantineEnabled"",""Value"":""False""},{""Name"":""RecoverableItemsQuota"",""Value"":""30 GB (32,212,254,720 bytes)""},{""Name"":""SCLJunkEnabled"",""Value"":""False""},{""Name"":""Force"",""Value"":""True""},{""Name"":""ProhibitSendQuota"",""Value"":""99 GB (106,300,440,576 bytes)""},{""Name"":""Identity"",""Value"":""SystemMailbox{6C0A1EFA-EC06-4AF8-8120-E8DF728D24A6}""},{""Name"":""OMEncryptionStore"",""Value"":""True""},{""Name"":""RecoverableItemsWarningQuota"",""Value"":""20 GB (21,474,836,480 bytes)""},{""Name"":""SCLRejectEnabled"",""Value"":""False""},{""Name"":""ProhibitSendReceiveQuota"",""Value"":""100 GB (107,374,182,400 bytes)""}],""RequestId"":""7ba6144c-2935-58f1-8b63-d09db58b3b36"",""SessionId"":"""",""TokenTenantId"":""eb174bbc-fe94-4978-95b9-a616457dd489""}","18","32","{
  ""moreRecordsAvailable"": false
}","b9b68684-6347-4da8-8997-08deed09c663","True","Unchanged"
"ExchangeAdmin","2026-07-29 00:38:57","NT SERVICE\MSExchangeAdminApiNetCore (Microsoft.Exchange.AdminApi.NetCore)","Set-Mailbox","{""AppAccessContext"":{""IssuedAtTime"":""2026-07-29T00:38:27"",""UniqueTokenId"":""9654a43c-9a51-887e-a2a3-1d8dab4eab29""},""CreationTime"":""2026-07-29T00:38:57"",""Id"":""72896e03-01df-4201-18bb-08deed09c645"",""Operation"":""Set-Mailbox"",""OrganizationId"":""eb174bbc-fe94-4978-95b9-a616457dd489"",""RecordType"":1,""ResultStatus"":""True"",""UserKey"":""NT SERVICE\\MSExchangeAdminApiNetCore (Microsoft.Exchange.AdminApi.NetCore)"",""UserType"":2,""Version"":1,""Workload"":""Exchange"",""ClientIP"":""[2603:1036:306:7::5]:29758"",""ObjectId"":""SystemMailbox{0AF09B7F-434F-4B2F-9CBC-57639EDCFD9C}"",""UserId"":""NT SERVICE\\MSExchangeAdminApiNetCore (Microsoft.Exchange.AdminApi.NetCore)"",""AppId"":"""",""AppPoolName"":""MSExchangeAdminApiNetCore"",""ClientAppId"":"""",""CorrelationID"":"""",""ExternalAccess"":false,""OrganizationName"":""854jpt.onmicrosoft.com"",""OriginatingServer"":""SA7PR10MB997774 (15.21.0245.008)"",""Parameters"":[{""Name"":""SCLDeleteEnabled"",""Value"":""False""},{""Name"":""UseDatabaseQuotaDefaults"",""Value"":""False""},{""Name"":""IssueWarningQuota"",""Value"":""90 GB (96,636,764,160 bytes)""},{""Name"":""HiddenFromAddressListsEnabled"",""Value"":""True""},{""Name"":""Arbitration"",""Value"":""True""},{""Name"":""SCLQuarantineEnabled"",""Value"":""False""},{""Name"":""RecoverableItemsQuota"",""Value"":""30 GB (32,212,254,720 bytes)""},{""Name"":""SCLJunkEnabled"",""Value"":""False""},{""Name"":""Force"",""Value"":""True""},{""Name"":""ProhibitSendQuota"",""Value"":""99 GB (106,300,440,576 bytes)""},{""Name"":""Identity"",""Value"":""SystemMailbox{0AF09B7F-434F-4B2F-9CBC-57639EDCFD9C}""},{""Name"":""OMEncryptionStore"",""Value"":""True""},{""Name"":""RecoverableItemsWarningQuota"",""Value"":""20 GB (21,474,836,480 bytes)""},{""Name"":""SCLRejectEnabled"",""Value"":""False""},{""Name"":""ProhibitSendReceiveQuota"",""Value"":""100 GB (107,374,182,400 bytes)""}],""RequestId"":""7ba6144c-2935-58f1-8b63-d09db58b3b36"",""SessionId"":"""",""TokenTenantId"":""eb174bbc-fe94-4978-95b9-a616457dd489""}","19","32","{
  ""moreRecordsAvailable"": false
}","72896e03-01df-4201-18bb-08deed09c645","True","Unchanged"
"ExchangeAdmin","2026-07-29 00:38:58","NT SERVICE\MSExchangeAdminApiNetCore (Microsoft.Exchange.AdminApi.NetCore)","Set-Mailbox","{""AppAccessContext"":{""IssuedAtTime"":""2026-07-29T00:38:27"",""UniqueTokenId"":""9654a43c-9a51-887e-a2a3-1d8dab4eab29""},""CreationTime"":""2026-07-29T00:38:58"",""Id"":""aa200390-7ca9-4bff-1a0b-08deed09c746"",""Operation"":""Set-Mailbox"",""OrganizationId"":""eb174bbc-fe94-4978-95b9-a616457dd489"",""RecordType"":1,""ResultStatus"":""True"",""UserKey"":""NT SERVICE\\MSExchangeAdminApiNetCore (Microsoft.Exchange.AdminApi.NetCore)"",""UserType"":2,""Version"":1,""Workload"":""Exchange"",""ClientIP"":""[2603:1036:306:7::5]:29758"",""ObjectId"":""SystemMailbox{6C0A1EFA-EC06-4AF8-8120-E8DF728D24A6}"",""UserId"":""NT SERVICE\\MSExchangeAdminApiNetCore (Microsoft.Exchange.AdminApi.NetCore)"",""AppId"":"""",""AppPoolName"":""MSExchangeAdminApiNetCore"",""ClientAppId"":"""",""CorrelationID"":"""",""ExternalAccess"":false,""OrganizationName"":""854jpt.onmicrosoft.com"",""OriginatingServer"":""SA7PR10MB997774 (15.21.0245.008)"",""Parameters"":[{""Name"":""SCLDeleteEnabled"",""Value"":""False""},{""Name"":""UseDatabaseQuotaDefaults"",""Value"":""False""},{""Name"":""IssueWarningQuota"",""Value"":""90 GB (96,636,764,160 bytes)""},{""Name"":""HiddenFromAddressListsEnabled"",""Value"":""True""},{""Name"":""Arbitration"",""Value"":""True""},{""Name"":""SCLQuarantineEnabled"",""Value"":""False""},{""Name"":""RecoverableItemsQuota"",""Value"":""30 GB (32,212,254,720 bytes)""},{""Name"":""SCLJunkEnabled"",""Value"":""False""},{""Name"":""Force"",""Value"":""True""},{""Name"":""ProhibitSendQuota"",""Value"":""99 GB (106,300,440,576 bytes)""},{""Name"":""Identity"",""Value"":""SystemMailbox{6C0A1EFA-EC06-4AF8-8120-E8DF728D24A6}""},{""Name"":""OMEncryptionStore"",""Value"":""True""},{""Name"":""RecoverableItemsWarningQuota"",""Value"":""20 GB (21,474,836,480 bytes)""},{""Name"":""SCLRejectEnabled"",""Value"":""False""},{""Name"":""ProhibitSendReceiveQuota"",""Value"":""100 GB (107,374,182,400 bytes)""}],""RequestId"":""7ba6144c-2935-58f1-8b63-d09db58b3b36"",""SessionId"":"""",""TokenTenantId"":""eb174bbc-fe94-4978-95b9-a616457dd489""}","20","32","{
  ""moreRecordsAvailable"": false
}","aa200390-7ca9-4bff-1a0b-08deed09c746","True","Unchanged"
"ExchangeAdmin","2026-07-29 00:38:58","NT SERVICE\MSExchangeAdminApiNetCore (Microsoft.Exchange.AdminApi.NetCore)","Set-Mailbox","{""AppAccessContext"":{""IssuedAtTime"":""2026-07-29T00:38:27"",""UniqueTokenId"":""9654a43c-9a51-887e-a2a3-1d8dab4eab29""},""CreationTime"":""2026-07-29T00:38:58"",""Id"":""db57bfb3-e407-4915-af9b-08deed09c726"",""Operation"":""Set-Mailbox"",""OrganizationId"":""eb174bbc-fe94-4978-95b9-a616457dd489"",""RecordType"":1,""ResultStatus"":""True"",""UserKey"":""NT SERVICE\\MSExchangeAdminApiNetCore (Microsoft.Exchange.AdminApi.NetCore)"",""UserType"":2,""Version"":1,""Workload"":""Exchange"",""ClientIP"":""[2603:1036:306:7::5]:29758"",""ObjectId"":""SystemMailbox{0AF09B7F-434F-4B2F-9CBC-57639EDCFD9C}"",""UserId"":""NT SERVICE\\MSExchangeAdminApiNetCore (Microsoft.Exchange.AdminApi.NetCore)"",""AppId"":"""",""AppPoolName"":""MSExchangeAdminApiNetCore"",""ClientAppId"":"""",""CorrelationID"":"""",""ExternalAccess"":false,""OrganizationName"":""854jpt.onmicrosoft.com"",""OriginatingServer"":""SA7PR10MB997774 (15.21.0245.008)"",""Parameters"":[{""Name"":""SCLDeleteEnabled"",""Value"":""False""},{""Name"":""UseDatabaseQuotaDefaults"",""Value"":""False""},{""Name"":""IssueWarningQuota"",""Value"":""90 GB (96,636,764,160 bytes)""},{""Name"":""HiddenFromAddressListsEnabled"",""Value"":""True""},{""Name"":""Arbitration"",""Value"":""True""},{""Name"":""SCLQuarantineEnabled"",""Value"":""False""},{""Name"":""RecoverableItemsQuota"",""Value"":""30 GB (32,212,254,720 bytes)""},{""Name"":""SCLJunkEnabled"",""Value"":""False""},{""Name"":""Force"",""Value"":""True""},{""Name"":""ProhibitSendQuota"",""Value"":""99 GB (106,300,440,576 bytes)""},{""Name"":""Identity"",""Value"":""SystemMailbox{0AF09B7F-434F-4B2F-9CBC-57639EDCFD9C}""},{""Name"":""OMEncryptionStore"",""Value"":""True""},{""Name"":""RecoverableItemsWarningQuota"",""Value"":""20 GB (21,474,836,480 bytes)""},{""Name"":""SCLRejectEnabled"",""Value"":""False""},{""Name"":""ProhibitSendReceiveQuota"",""Value"":""100 GB (107,374,182,400 bytes)""}],""RequestId"":""7ba6144c-2935-58f1-8b63-d09db58b3b36"",""SessionId"":"""",""TokenTenantId"":""eb174bbc-fe94-4978-95b9-a616457dd489""}","21","32","{
  ""moreRecordsAvailable"": false
}","db57bfb3-e407-4915-af9b-08deed09c726","True","Unchanged"
"ExchangeAdmin","2026-07-29 00:38:58","NT SERVICE\MSExchangeAdminApiNetCore (Microsoft.Exchange.AdminApi.NetCore)","Set-Mailbox","{""AppAccessContext"":{""IssuedAtTime"":""2026-07-29T00:38:27"",""UniqueTokenId"":""9654a43c-9a51-887e-a2a3-1d8dab4eab29""},""CreationTime"":""2026-07-29T00:38:58"",""Id"":""cd77e355-9c56-4a91-bda6-08deed09c708"",""Operation"":""Set-Mailbox"",""OrganizationId"":""eb174bbc-fe94-4978-95b9-a616457dd489"",""RecordType"":1,""ResultStatus"":""True"",""UserKey"":""NT SERVICE\\MSExchangeAdminApiNetCore (Microsoft.Exchange.AdminApi.NetCore)"",""UserType"":2,""Version"":1,""Workload"":""Exchange"",""ClientIP"":""[2603:1036:306:7::5]:29758"",""ObjectId"":""SystemMailbox{D0E409A0-AF9B-4720-92FE-AAC869B0D201}"",""UserId"":""NT SERVICE\\MSExchangeAdminApiNetCore (Microsoft.Exchange.AdminApi.NetCore)"",""AppId"":"""",""AppPoolName"":""MSExchangeAdminApiNetCore"",""ClientAppId"":"""",""CorrelationID"":"""",""ExternalAccess"":false,""OrganizationName"":""854jpt.onmicrosoft.com"",""OriginatingServer"":""SA7PR10MB997774 (15.21.0245.008)"",""Parameters"":[{""Name"":""SCLDeleteEnabled"",""Value"":""False""},{""Name"":""UseDatabaseQuotaDefaults"",""Value"":""False""},{""Name"":""IssueWarningQuota"",""Value"":""90 GB (96,636,764,160 bytes)""},{""Name"":""HiddenFromAddressListsEnabled"",""Value"":""True""},{""Name"":""Arbitration"",""Value"":""True""},{""Name"":""SCLQuarantineEnabled"",""Value"":""False""},{""Name"":""RecoverableItemsQuota"",""Value"":""30 GB (32,212,254,720 bytes)""},{""Name"":""SCLJunkEnabled"",""Value"":""False""},{""Name"":""Force"",""Value"":""True""},{""Name"":""ProhibitSendQuota"",""Value"":""99 GB (106,300,440,576 bytes)""},{""Name"":""Identity"",""Value"":""SystemMailbox{D0E409A0-AF9B-4720-92FE-AAC869B0D201}""},{""Name"":""OMEncryptionStore"",""Value"":""True""},{""Name"":""RecoverableItemsWarningQuota"",""Value"":""20 GB (21,474,836,480 bytes)""},{""Name"":""SCLRejectEnabled"",""Value"":""False""},{""Name"":""ProhibitSendReceiveQuota"",""Value"":""100 GB (107,374,182,400 bytes)""}],""RequestId"":""7ba6144c-2935-58f1-8b63-d09db58b3b36"",""SessionId"":"""",""TokenTenantId"":""eb174bbc-fe94-4978-95b9-a616457dd489""}","22","32","{
  ""moreRecordsAvailable"": false
}","cd77e355-9c56-4a91-bda6-08deed09c708","True","Unchanged"
"ExchangeAdmin","2026-07-29 00:38:58","NT SERVICE\MSExchangeAdminApiNetCore (Microsoft.Exchange.AdminApi.NetCore)","Set-Mailbox","{""AppAccessContext"":{""IssuedAtTime"":""2026-07-29T00:38:27"",""UniqueTokenId"":""9654a43c-9a51-887e-a2a3-1d8dab4eab29""},""CreationTime"":""2026-07-29T00:38:58"",""Id"":""d33663f9-571e-465a-75f9-08deed09c766"",""Operation"":""Set-Mailbox"",""OrganizationId"":""eb174bbc-fe94-4978-95b9-a616457dd489"",""RecordType"":1,""ResultStatus"":""True"",""UserKey"":""NT SERVICE\\MSExchangeAdminApiNetCore (Microsoft.Exchange.AdminApi.NetCore)"",""UserType"":2,""Version"":1,""Workload"":""Exchange"",""ClientIP"":""[2603:1036:306:7::5]:29758"",""ObjectId"":""SystemMailbox{2C41C89D-35A4-465B-B69B-6F1FC54D8B03}"",""UserId"":""NT SERVICE\\MSExchangeAdminApiNetCore (Microsoft.Exchange.AdminApi.NetCore)"",""AppId"":"""",""AppPoolName"":""MSExchangeAdminApiNetCore"",""ClientAppId"":"""",""CorrelationID"":"""",""ExternalAccess"":false,""OrganizationName"":""854jpt.onmicrosoft.com"",""OriginatingServer"":""SA7PR10MB997774 (15.21.0245.008)"",""Parameters"":[{""Name"":""SCLDeleteEnabled"",""Value"":""False""},{""Name"":""UseDatabaseQuotaDefaults"",""Value"":""False""},{""Name"":""IssueWarningQuota"",""Value"":""90 GB (96,636,764,160 bytes)""},{""Name"":""HiddenFromAddressListsEnabled"",""Value"":""True""},{""Name"":""Arbitration"",""Value"":""True""},{""Name"":""SCLQuarantineEnabled"",""Value"":""False""},{""Name"":""RecoverableItemsQuota"",""Value"":""30 GB (32,212,254,720 bytes)""},{""Name"":""SCLJunkEnabled"",""Value"":""False""},{""Name"":""Force"",""Value"":""True""},{""Name"":""ProhibitSendQuota"",""Value"":""99 GB (106,300,440,576 bytes)""},{""Name"":""Identity"",""Value"":""SystemMailbox{2C41C89D-35A4-465B-B69B-6F1FC54D8B03}""},{""Name"":""OMEncryptionStore"",""Value"":""True""},{""Name"":""RecoverableItemsWarningQuota"",""Value"":""20 GB (21,474,836,480 bytes)""},{""Name"":""SCLRejectEnabled"",""Value"":""False""},{""Name"":""ProhibitSendReceiveQuota"",""Value"":""100 GB (107,374,182,400 bytes)""}],""RequestId"":""7ba6144c-2935-58f1-8b63-d09db58b3b36"",""SessionId"":"""",""TokenTenantId"":""eb174bbc-fe94-4978-95b9-a616457dd489""}","23","32","{
  ""moreRecordsAvailable"": false
}","d33663f9-571e-465a-75f9-08deed09c766","True","Unchanged"
"ExchangeAdmin","2026-07-29 00:38:59","NT SERVICE\MSExchangeAdminApiNetCore (Microsoft.Exchange.AdminApi.NetCore)","Set-Mailbox","{""AppAccessContext"":{""IssuedAtTime"":""2026-07-29T00:38:27"",""UniqueTokenId"":""9654a43c-9a51-887e-a2a3-1d8dab4eab29""},""CreationTime"":""2026-07-29T00:38:59"",""Id"":""27ec9579-c89e-4d70-7f27-08deed09c79a"",""Operation"":""Set-Mailbox"",""OrganizationId"":""eb174bbc-fe94-4978-95b9-a616457dd489"",""RecordType"":1,""ResultStatus"":""True"",""UserKey"":""NT SERVICE\\MSExchangeAdminApiNetCore (Microsoft.Exchange.AdminApi.NetCore)"",""UserType"":2,""Version"":1,""Workload"":""Exchange"",""ClientIP"":""[2603:1036:306:7::5]:29758"",""ObjectId"":""SystemMailbox{0AF09B7F-434F-4B2F-9CBC-57639EDCFD9C}"",""UserId"":""NT SERVICE\\MSExchangeAdminApiNetCore (Microsoft.Exchange.AdminApi.NetCore)"",""AppId"":"""",""AppPoolName"":""MSExchangeAdminApiNetCore"",""ClientAppId"":"""",""CorrelationID"":"""",""ExternalAccess"":false,""OrganizationName"":""854jpt.onmicrosoft.com"",""OriginatingServer"":""SA7PR10MB997774 (15.21.0245.008)"",""Parameters"":[{""Name"":""Arbitration"",""Value"":""True""},{""Name"":""Identity"",""Value"":""SystemMailbox{0AF09B7F-434F-4B2F-9CBC-57639EDCFD9C}""},{""Name"":""ApprovalApplication"",""Value"":""True""},{""Name"":""Force"",""Value"":""True""}],""RequestId"":""7ba6144c-2935-58f1-8b63-d09db58b3b36"",""SessionId"":"""",""TokenTenantId"":""eb174bbc-fe94-4978-95b9-a616457dd489""}","24","32","{
  ""moreRecordsAvailable"": false
}","27ec9579-c89e-4d70-7f27-08deed09c79a","True","Unchanged"
"ExchangeAdmin","2026-07-29 00:38:59","NT SERVICE\MSExchangeAdminApiNetCore (Microsoft.Exchange.AdminApi.NetCore)","Set-Mailbox","{""AppAccessContext"":{""IssuedAtTime"":""2026-07-29T00:38:27"",""UniqueTokenId"":""9654a43c-9a51-887e-a2a3-1d8dab4eab29""},""CreationTime"":""2026-07-29T00:38:59"",""Id"":""776f4f2f-38f7-47c4-9a46-08deed09c7eb"",""Operation"":""Set-Mailbox"",""OrganizationId"":""eb174bbc-fe94-4978-95b9-a616457dd489"",""RecordType"":1,""ResultStatus"":""True"",""UserKey"":""NT SERVICE\\MSExchangeAdminApiNetCore (Microsoft.Exchange.AdminApi.NetCore)"",""UserType"":2,""Version"":1,""Workload"":""Exchange"",""ClientIP"":""[2603:1036:306:7::5]:29758"",""ObjectId"":""SystemMailbox{D0E409A0-AF9B-4720-92FE-AAC869B0D201}"",""UserId"":""NT SERVICE\\MSExchangeAdminApiNetCore (Microsoft.Exchange.AdminApi.NetCore)"",""AppId"":"""",""AppPoolName"":""MSExchangeAdminApiNetCore"",""ClientAppId"":"""",""CorrelationID"":"""",""ExternalAccess"":false,""OrganizationName"":""854jpt.onmicrosoft.com"",""OriginatingServer"":""SA7PR10MB997774 (15.21.0245.008)"",""Parameters"":[{""Name"":""SCLDeleteEnabled"",""Value"":""False""},{""Name"":""UseDatabaseQuotaDefaults"",""Value"":""False""},{""Name"":""IssueWarningQuota"",""Value"":""90 GB (96,636,764,160 bytes)""},{""Name"":""HiddenFromAddressListsEnabled"",""Value"":""True""},{""Name"":""Arbitration"",""Value"":""True""},{""Name"":""SCLQuarantineEnabled"",""Value"":""False""},{""Name"":""RecoverableItemsQuota"",""Value"":""30 GB (32,212,254,720 bytes)""},{""Name"":""SCLJunkEnabled"",""Value"":""False""},{""Name"":""Force"",""Value"":""True""},{""Name"":""ProhibitSendQuota"",""Value"":""99 GB (106,300,440,576 bytes)""},{""Name"":""Identity"",""Value"":""SystemMailbox{D0E409A0-AF9B-4720-92FE-AAC869B0D201}""},{""Name"":""OMEncryptionStore"",""Value"":""True""},{""Name"":""RecoverableItemsWarningQuota"",""Value"":""20 GB (21,474,836,480 bytes)""},{""Name"":""SCLRejectEnabled"",""Value"":""False""},{""Name"":""ProhibitSendReceiveQuota"",""Value"":""100 GB (107,374,182,400 bytes)""}],""RequestId"":""7ba6144c-2935-58f1-8b63-d09db58b3b36"",""SessionId"":"""",""TokenTenantId"":""eb174bbc-fe94-4978-95b9-a616457dd489""}","25","32","{
  ""moreRecordsAvailable"": false
}","776f4f2f-38f7-47c4-9a46-08deed09c7eb","True","Unchanged"
"ExchangeAdmin","2026-07-29 00:38:59","NT SERVICE\MSExchangeAdminApiNetCore (Microsoft.Exchange.AdminApi.NetCore)","Set-Mailbox","{""AppAccessContext"":{""IssuedAtTime"":""2026-07-29T00:38:27"",""UniqueTokenId"":""9654a43c-9a51-887e-a2a3-1d8dab4eab29""},""CreationTime"":""2026-07-29T00:38:59"",""Id"":""00b59c07-5d0a-4bbe-e5ef-08deed09c80a"",""Operation"":""Set-Mailbox"",""OrganizationId"":""eb174bbc-fe94-4978-95b9-a616457dd489"",""RecordType"":1,""ResultStatus"":""True"",""UserKey"":""NT SERVICE\\MSExchangeAdminApiNetCore (Microsoft.Exchange.AdminApi.NetCore)"",""UserType"":2,""Version"":1,""Workload"":""Exchange"",""ClientIP"":""[2603:1036:306:7::5]:29758"",""ObjectId"":""SystemMailbox{0AF09B7F-434F-4B2F-9CBC-57639EDCFD9C}"",""UserId"":""NT SERVICE\\MSExchangeAdminApiNetCore (Microsoft.Exchange.AdminApi.NetCore)"",""AppId"":"""",""AppPoolName"":""MSExchangeAdminApiNetCore"",""ClientAppId"":"""",""CorrelationID"":"""",""ExternalAccess"":false,""OrganizationName"":""854jpt.onmicrosoft.com"",""OriginatingServer"":""SA7PR10MB997774 (15.21.0245.008)"",""Parameters"":[{""Name"":""SCLDeleteEnabled"",""Value"":""False""},{""Name"":""UseDatabaseQuotaDefaults"",""Value"":""False""},{""Name"":""IssueWarningQuota"",""Value"":""90 GB (96,636,764,160 bytes)""},{""Name"":""HiddenFromAddressListsEnabled"",""Value"":""True""},{""Name"":""Arbitration"",""Value"":""True""},{""Name"":""SCLQuarantineEnabled"",""Value"":""False""},{""Name"":""RecoverableItemsQuota"",""Value"":""30 GB (32,212,254,720 bytes)""},{""Name"":""SCLJunkEnabled"",""Value"":""False""},{""Name"":""Force"",""Value"":""True""},{""Name"":""ProhibitSendQuota"",""Value"":""99 GB (106,300,440,576 bytes)""},{""Name"":""Identity"",""Value"":""SystemMailbox{0AF09B7F-434F-4B2F-9CBC-57639EDCFD9C}""},{""Name"":""OMEncryptionStore"",""Value"":""True""},{""Name"":""RecoverableItemsWarningQuota"",""Value"":""20 GB (21,474,836,480 bytes)""},{""Name"":""SCLRejectEnabled"",""Value"":""False""},{""Name"":""ProhibitSendReceiveQuota"",""Value"":""100 GB (107,374,182,400 bytes)""}],""RequestId"":""7ba6144c-2935-58f1-8b63-d09db58b3b36"",""SessionId"":"""",""TokenTenantId"":""eb174bbc-fe94-4978-95b9-a616457dd489""}","26","32","{
  ""moreRecordsAvailable"": false
}","00b59c07-5d0a-4bbe-e5ef-08deed09c80a","True","Unchanged"
"ExchangeAdmin","2026-07-29 00:39:00","NT SERVICE\MSExchangeAdminApiNetCore (Microsoft.Exchange.AdminApi.NetCore)","Set-Mailbox","{""AppAccessContext"":{""IssuedAtTime"":""2026-07-29T00:38:27"",""UniqueTokenId"":""9654a43c-9a51-887e-a2a3-1d8dab4eab29""},""CreationTime"":""2026-07-29T00:39:00"",""Id"":""66b4e3eb-432e-4959-656c-08deed09c848"",""Operation"":""Set-Mailbox"",""OrganizationId"":""eb174bbc-fe94-4978-95b9-a616457dd489"",""RecordType"":1,""ResultStatus"":""True"",""UserKey"":""NT SERVICE\\MSExchangeAdminApiNetCore (Microsoft.Exchange.AdminApi.NetCore)"",""UserType"":2,""Version"":1,""Workload"":""Exchange"",""ClientIP"":""[2603:1036:306:7::5]:29758"",""ObjectId"":""SystemMailbox{2C41C89D-35A4-465B-B69B-6F1FC54D8B03}"",""UserId"":""NT SERVICE\\MSExchangeAdminApiNetCore (Microsoft.Exchange.AdminApi.NetCore)"",""AppId"":"""",""AppPoolName"":""MSExchangeAdminApiNetCore"",""ClientAppId"":"""",""CorrelationID"":"""",""ExternalAccess"":false,""OrganizationName"":""854jpt.onmicrosoft.com"",""OriginatingServer"":""SA7PR10MB997774 (15.21.0245.008)"",""Parameters"":[{""Name"":""SCLDeleteEnabled"",""Value"":""False""},{""Name"":""UseDatabaseQuotaDefaults"",""Value"":""False""},{""Name"":""IssueWarningQuota"",""Value"":""90 GB (96,636,764,160 bytes)""},{""Name"":""HiddenFromAddressListsEnabled"",""Value"":""True""},{""Name"":""Arbitration"",""Value"":""True""},{""Name"":""SCLQuarantineEnabled"",""Value"":""False""},{""Name"":""RecoverableItemsQuota"",""Value"":""30 GB (32,212,254,720 bytes)""},{""Name"":""SCLJunkEnabled"",""Value"":""False""},{""Name"":""Force"",""Value"":""True""},{""Name"":""ProhibitSendQuota"",""Value"":""99 GB (106,300,440,576 bytes)""},{""Name"":""Identity"",""Value"":""SystemMailbox{2C41C89D-35A4-465B-B69B-6F1FC54D8B03}""},{""Name"":""OMEncryptionStore"",""Value"":""True""},{""Name"":""RecoverableItemsWarningQuota"",""Value"":""20 GB (21,474,836,480 bytes)""},{""Name"":""SCLRejectEnabled"",""Value"":""False""},{""Name"":""ProhibitSendReceiveQuota"",""Value"":""100 GB (107,374,182,400 bytes)""}],""RequestId"":""7ba6144c-2935-58f1-8b63-d09db58b3b36"",""SessionId"":"""",""TokenTenantId"":""eb174bbc-fe94-4978-95b9-a616457dd489""}","27","32","{
  ""moreRecordsAvailable"": false
}","66b4e3eb-432e-4959-656c-08deed09c848","True","Unchanged"
"ExchangeAdmin","2026-07-29 00:39:00","NT SERVICE\MSExchangeAdminApiNetCore (Microsoft.Exchange.AdminApi.NetCore)","Set-Mailbox","{""AppAccessContext"":{""IssuedAtTime"":""2026-07-29T00:38:27"",""UniqueTokenId"":""9654a43c-9a51-887e-a2a3-1d8dab4eab29""},""CreationTime"":""2026-07-29T00:39:00"",""Id"":""b87b2258-c9f5-4489-81d3-08deed09c898"",""Operation"":""Set-Mailbox"",""OrganizationId"":""eb174bbc-fe94-4978-95b9-a616457dd489"",""RecordType"":1,""ResultStatus"":""True"",""UserKey"":""NT SERVICE\\MSExchangeAdminApiNetCore (Microsoft.Exchange.AdminApi.NetCore)"",""UserType"":2,""Version"":1,""Workload"":""Exchange"",""ClientIP"":""[2603:1036:306:7::5]:29758"",""ObjectId"":""SystemMailbox{2CE34405-31BE-455D-89D7-A7C7DA7A0DAA}"",""UserId"":""NT SERVICE\\MSExchangeAdminApiNetCore (Microsoft.Exchange.AdminApi.NetCore)"",""AppId"":"""",""AppPoolName"":""MSExchangeAdminApiNetCore"",""ClientAppId"":"""",""CorrelationID"":"""",""ExternalAccess"":false,""OrganizationName"":""854jpt.onmicrosoft.com"",""OriginatingServer"":""SA7PR10MB997774 (15.21.0245.008)"",""Parameters"":[{""Name"":""Arbitration"",""Value"":""True""},{""Name"":""Identity"",""Value"":""SystemMailbox{2CE34405-31BE-455D-89D7-A7C7DA7A0DAA}""},{""Name"":""ShardRelevancyFeatureStore"",""Value"":""True""},{""Name"":""ApprovalApplication"",""Value"":""True""},{""Name"":""Force"",""Value"":""True""},{""Name"":""DisplayName"",""Value"":""Microsoft Exchange""}],""RequestId"":""7ba6144c-2935-58f1-8b63-d09db58b3b36"",""SessionId"":"""",""TokenTenantId"":""eb174bbc-fe94-4978-95b9-a616457dd489""}","28","32","{
  ""moreRecordsAvailable"": false
}","b87b2258-c9f5-4489-81d3-08deed09c898","True","Unchanged"
"ExchangeAdmin","2026-07-29 00:39:00","NT SERVICE\MSExchangeAdminApiNetCore (Microsoft.Exchange.AdminApi.NetCore)","Set-Mailbox","{""AppAccessContext"":{""IssuedAtTime"":""2026-07-29T00:38:27"",""UniqueTokenId"":""9654a43c-9a51-887e-a2a3-1d8dab4eab29""},""CreationTime"":""2026-07-29T00:39:00"",""Id"":""39a8bf27-6522-404b-47c7-08deed09c829"",""Operation"":""Set-Mailbox"",""OrganizationId"":""eb174bbc-fe94-4978-95b9-a616457dd489"",""RecordType"":1,""ResultStatus"":""True"",""UserKey"":""NT SERVICE\\MSExchangeAdminApiNetCore (Microsoft.Exchange.AdminApi.NetCore)"",""UserType"":2,""Version"":1,""Workload"":""Exchange"",""ClientIP"":""[2603:1036:306:7::5]:29758"",""ObjectId"":""SystemMailbox{6C0A1EFA-EC06-4AF8-8120-E8DF728D24A6}"",""UserId"":""NT SERVICE\\MSExchangeAdminApiNetCore (Microsoft.Exchange.AdminApi.NetCore)"",""AppId"":"""",""AppPoolName"":""MSExchangeAdminApiNetCore"",""ClientAppId"":"""",""CorrelationID"":"""",""ExternalAccess"":false,""OrganizationName"":""854jpt.onmicrosoft.com"",""OriginatingServer"":""SA7PR10MB997774 (15.21.0245.008)"",""Parameters"":[{""Name"":""SCLDeleteEnabled"",""Value"":""False""},{""Name"":""UseDatabaseQuotaDefaults"",""Value"":""False""},{""Name"":""IssueWarningQuota"",""Value"":""90 GB (96,636,764,160 bytes)""},{""Name"":""HiddenFromAddressListsEnabled"",""Value"":""True""},{""Name"":""Arbitration"",""Value"":""True""},{""Name"":""SCLQuarantineEnabled"",""Value"":""False""},{""Name"":""RecoverableItemsQuota"",""Value"":""30 GB (32,212,254,720 bytes)""},{""Name"":""SCLJunkEnabled"",""Value"":""False""},{""Name"":""Force"",""Value"":""True""},{""Name"":""ProhibitSendQuota"",""Value"":""99 GB (106,300,440,576 bytes)""},{""Name"":""Identity"",""Value"":""SystemMailbox{6C0A1EFA-EC06-4AF8-8120-E8DF728D24A6}""},{""Name"":""OMEncryptionStore"",""Value"":""True""},{""Name"":""RecoverableItemsWarningQuota"",""Value"":""20 GB (21,474,836,480 bytes)""},{""Name"":""SCLRejectEnabled"",""Value"":""False""},{""Name"":""ProhibitSendReceiveQuota"",""Value"":""100 GB (107,374,182,400 bytes)""}],""RequestId"":""7ba6144c-2935-58f1-8b63-d09db58b3b36"",""SessionId"":"""",""TokenTenantId"":""eb174bbc-fe94-4978-95b9-a616457dd489""}","29","32","{
  ""moreRecordsAvailable"": false
}","39a8bf27-6522-404b-47c7-08deed09c829","True","Unchanged"
"ExchangeAdmin","2026-07-29 00:39:01","NT SERVICE\MSExchangeAdminApiNetCore (Microsoft.Exchange.AdminApi.NetCore)","Set-Mailbox","{""AppAccessContext"":{""IssuedAtTime"":""2026-07-29T00:38:27"",""UniqueTokenId"":""9654a43c-9a51-887e-a2a3-1d8dab4eab29""},""CreationTime"":""2026-07-29T00:39:01"",""Id"":""e09dd413-b7e9-40a2-c9ba-08deed09c8f4"",""Operation"":""Set-Mailbox"",""OrganizationId"":""eb174bbc-fe94-4978-95b9-a616457dd489"",""RecordType"":1,""ResultStatus"":""True"",""UserKey"":""NT SERVICE\\MSExchangeAdminApiNetCore (Microsoft.Exchange.AdminApi.NetCore)"",""UserType"":2,""Version"":1,""Workload"":""Exchange"",""ClientIP"":""[2603:1036:306:7::5]:29758"",""ObjectId"":""FederatedEmail.4c1f4d8b-8179-4148-93bf-00a95fa1e042"",""UserId"":""NT SERVICE\\MSExchangeAdminApiNetCore (Microsoft.Exchange.AdminApi.NetCore)"",""AppId"":"""",""AppPoolName"":""MSExchangeAdminApiNetCore"",""ClientAppId"":"""",""CorrelationID"":"""",""ExternalAccess"":false,""OrganizationName"":""854jpt.onmicrosoft.com"",""OriginatingServer"":""SA7PR10MB997774 (15.21.0245.008)"",""Parameters"":[{""Name"":""DisplayName"",""Value"":""Microsoft Exchange""},{""Name"":""SCLDeleteEnabled"",""Value"":""False""},{""Name"":""UseDatabaseQuotaDefaults"",""Value"":""False""},{""Name"":""IssueWarningQuota"",""Value"":""9 GB (9,663,676,416 bytes)""},{""Name"":""HiddenFromAddressListsEnabled"",""Value"":""True""},{""Name"":""Arbitration"",""Value"":""True""},{""Name"":""SCLQuarantineEnabled"",""Value"":""False""},{""Name"":""RecoverableItemsQuota"",""Value"":""30 GB (32,212,254,720 bytes)""},{""Name"":""SCLJunkEnabled"",""Value"":""False""},{""Name"":""Force"",""Value"":""True""},{""Name"":""ProhibitSendQuota"",""Value"":""10 GB (10,737,418,240 bytes)""},{""Name"":""Identity"",""Value"":""FederatedEmail.4c1f4d8b-8179-4148-93bf-00a95fa1e042""},{""Name"":""SCLRejectEnabled"",""Value"":""False""},{""Name"":""RecoverableItemsWarningQuota"",""Value"":""20 GB (21,474,836,480 bytes)""},{""Name"":""ProhibitSendReceiveQuota"",""Value"":""10 GB (10,737,418,240 bytes)""}],""RequestId"":""7ba6144c-2935-58f1-8b63-d09db58b3b36"",""SessionId"":"""",""TokenTenantId"":""eb174bbc-fe94-4978-95b9-a616457dd489""}","30","32","{
  ""moreRecordsAvailable"": false
}","e09dd413-b7e9-40a2-c9ba-08deed09c8f4","True","Unchanged"
"ExchangeAdmin","2026-07-29 00:39:20","NT SERVICE\MSExchangeAdminApiNetCore (Microsoft.Exchange.AdminApi.NetCore)","Set-Mailbox","{""AppAccessContext"":{""IssuedAtTime"":""2026-07-29T00:38:27"",""UniqueTokenId"":""9654a43c-9a51-887e-a2a3-1d8dab4eab29""},""CreationTime"":""2026-07-29T00:39:20"",""Id"":""4c8aec4b-b736-48e1-022c-08deed09d449"",""Operation"":""Set-Mailbox"",""OrganizationId"":""eb174bbc-fe94-4978-95b9-a616457dd489"",""RecordType"":1,""ResultStatus"":""True"",""UserKey"":""NT SERVICE\\MSExchangeAdminApiNetCore (Microsoft.Exchange.AdminApi.NetCore)"",""UserType"":2,""Version"":1,""Workload"":""Exchange"",""ClientIP"":""[2603:1036:306:7::5]:29758"",""ObjectId"":""TenantAllowBlocLists_F0767F09-6B4C-4F78-9234-2C0481176063"",""UserId"":""NT SERVICE\\MSExchangeAdminApiNetCore (Microsoft.Exchange.AdminApi.NetCore)"",""AppId"":"""",""AppPoolName"":""MSExchangeAdminApiNetCore"",""ClientAppId"":"""",""CorrelationID"":"""",""ExternalAccess"":false,""OrganizationName"":""854jpt.onmicrosoft.com"",""OriginatingServer"":""SA7PR10MB997774 (15.21.0245.008)"",""Parameters"":[{""Name"":""SCLDeleteEnabled"",""Value"":""False""},{""Name"":""UseDatabaseQuotaDefaults"",""Value"":""False""},{""Name"":""OrgPartition"",""Value"":""True""},{""Name"":""IssueWarningQuota"",""Value"":""90 GB (96,636,764,160 bytes)""},{""Name"":""HiddenFromAddressListsEnabled"",""Value"":""True""},{""Name"":""Arbitration"",""Value"":""True""},{""Name"":""SCLQuarantineEnabled"",""Value"":""False""},{""Name"":""TenantAllowBlockLists"",""Value"":""True""},{""Name"":""SCLJunkEnabled"",""Value"":""False""},{""Name"":""Force"",""Value"":""True""},{""Name"":""ProhibitSendQuota"",""Value"":""99 GB (106,300,440,576 bytes)""},{""Name"":""Identity"",""Value"":""TenantAllowBlocLists_F0767F09-6B4C-4F78-9234-2C0481176063""},{""Name"":""SCLRejectEnabled"",""Value"":""False""},{""Name"":""RecoverableItemsWarningQuota"",""Value"":""20 GB (21,474,836,480 bytes)""},{""Name"":""ProhibitSendReceiveQuota"",""Value"":""100 GB (107,374,182,400 bytes)""},{""Name"":""RecoverableItemsQuota"",""Value"":""30 GB (32,212,254,720 bytes)""}],""RequestId"":""7ba6144c-2935-58f1-8b63-d09db58b3b36"",""SessionId"":"""",""TokenTenantId"":""eb174bbc-fe94-4978-95b9-a616457dd489""}","31","32","{
  ""moreRecordsAvailable"": false
}","4c8aec4b-b736-48e1-022c-08deed09d449","True","Unchanged"
"ExchangeAdmin","2026-07-29 00:39:31","NT SERVICE\MSExchangeAdminApiNetCore (Microsoft.Exchange.AdminApi.NetCore)","Set-Mailbox","{""AppAccessContext"":{""IssuedAtTime"":""2026-07-29T00:38:27"",""UniqueTokenId"":""9654a43c-9a51-887e-a2a3-1d8dab4eab29""},""CreationTime"":""2026-07-29T00:39:31"",""Id"":""09948480-298c-4472-3e10-08deed09daa6"",""Operation"":""Set-Mailbox"",""OrganizationId"":""eb174bbc-fe94-4978-95b9-a616457dd489"",""RecordType"":1,""ResultStatus"":""True"",""UserKey"":""NT SERVICE\\MSExchangeAdminApiNetCore (Microsoft.Exchange.AdminApi.NetCore)"",""UserType"":2,""Version"":1,""Workload"":""Exchange"",""ClientIP"":""[2603:1036:306:7::5]:29758"",""ObjectId"":""DiscoverySearchMailbox{D919BA05-46A6-415f-80AD-7E09334BB852}"",""UserId"":""NT SERVICE\\MSExchangeAdminApiNetCore (Microsoft.Exchange.AdminApi.NetCore)"",""AppId"":"""",""AppPoolName"":""MSExchangeAdminApiNetCore"",""ClientAppId"":"""",""CorrelationID"":"""",""ExternalAccess"":false,""OrganizationName"":""854jpt.onmicrosoft.com"",""OriginatingServer"":""SA7PR10MB997774 (15.21.0245.008)"",""Parameters"":[{""Name"":""DomainController"",""Value"":""""},{""Name"":""Identity"",""Value"":""DiscoverySearchMailbox{D919BA05-46A6-415f-80AD-7E09334BB852}""}],""RequestId"":""7ba6144c-2935-58f1-8b63-d09db58b3b36"",""SessionId"":"""",""TokenTenantId"":""eb174bbc-fe94-4978-95b9-a616457dd489""}","32","32","{
  ""moreRecordsAvailable"": false
}","09948480-298c-4472-3e10-08deed09daa6","True","Unchanged"
