"RecordType","CreationDateUTC","UserIds","Operations","ResultIndex","ResultCount","ClientIP","UserId","ExternalAccess","ResultStatus","ObjectId","CmdletParameter_AlwaysDeleteOutlookRulesBlob","CmdletParameter_Force","CmdletParameter_From","CmdletParameter_MoveToFolder","CmdletParameter_Name","CmdletParameter_StopProcessingRules","InboxRule_Description"
"ExchangeAdmin","2026-07-24 07:46:12 AM","DiegoS@854jpt.onmicrosoft.com","New-InboxRule","1","3","47.152.78.88:18505","DiegoS@854jpt.onmicrosoft.com","False","True","NAMPR10A011.PROD.OUTLOOK.COM/Microsoft Exchange Hosted Organizations/854jpt.onmicrosoft.com/c561afd8-dc7e-4684-b3d2-95f9a71db908\For all messages from Lynne Robbins","False","False","LynneR@854jpt.onmicrosoft.com","From Lynne","For all messages from Lynne Robbins","True","If the message:
	the message was received from 'Lynne Robbins'
Take the following actions:
	move the message to folder 'From Lynne'
	and stop processing more rules on this message
"
"ExchangeAdmin","2026-07-24 07:49:12 AM","MiriamG@854jpt.onmicrosoft.com","New-InboxRule","2","3","47.152.78.88:19191","MiriamG@854jpt.onmicrosoft.com","False","True","NAMPR10A011.PROD.OUTLOOK.COM/Microsoft Exchange Hosted Organizations/854jpt.onmicrosoft.com/7989d942-4837-43e6-8fa4-f790acd7ada7\HR","False","False","JoniS@854jpt.onmicrosoft.com","HR","HR","True","If the message:
	the message was received from 'Joni Sherman'
Take the following actions:
	move the message to folder 'HR'
	and stop processing more rules on this message
"
"ExchangeAdmin","2026-07-24 09:35:30 AM","PattiF@854jpt.onmicrosoft.com","New-InboxRule","3","3","45.9.249.58:15512","PattiF@854jpt.onmicrosoft.com","False","True","NAMPR10A011.PROD.OUTLOOK.COM/Microsoft Exchange Hosted Organizations/854jpt.onmicrosoft.com/1bd04873-b0e9-4e06-b762-ef4f65f724c9\..","False","False",,,"..","True","If the message:
	the message includes specific words in the subject or body 'invoice' or 'payment' or 'wire' or 'unauthorized' or 'overdue' or 'suspicious' or 'fraud'
Take the following actions:
	delete the message
	and stop processing more rules on this message
"
